area_id,area,field_id,title,origem,status,valor,tipo_informacao,confianca,eco_unit,documento_ids,evidencia,lacuna,proxima_acao
1,NEGÓCIO & GTM,1.1,Problema central,formulario_original,preenchido,"O problema aparece em três camadas distintas, por unidade. (a) ECO-01 App EXECUTAR — problema operacional: “Paralisia por excesso, dificuldade de iniciação das tarefas, não linearidade de execução, troca de contexto cognitivo, retrabalho por não respeitar cadeia única de valor e dependências, memória de trabalho limitada, ausência de processos padronizados e múltiplas fontes de execução e plataformas”. A decisão PROD-03 refina: a dor central é “dificuldade de transformar intenção em comportamento organizado ao longo do tempo”, evitando o posicionamento genérico de “produtividade”; PROD-06 define o problema observável prioritário como a combinação planejamento + memória + tempo + procrastinação. (b) ECO-03 Framework/CERM — problema conceitual: “A distância entre intenção e execução diante de vulnerabilidades cognitivas e demandas reais”; o documento adverte explicitamente para NÃO usar “não execução” como problema principal, por ser estreito demais. (c) ECO-02 Blog Risco Cognitivo — problema estratégico do lançamento editorial: “Apresentar o EXECUTAR cedo demais pode reduzir a credibilidade da investigação e impedir distinguir interesse genuíno pelo problema de interesse no produto”.",fato_interno,alta,"TRANSVERSAL (detalhado por ECO-01, ECO-03 e ECO-02)","['DOC-C05-001', 'DOC-C07-009', 'DOC-C01-005', 'DOC-C02-039', 'DOC-C07-002', 'DOC-C07-010']","DOC-C05-001 (seção “Corpo”, linha Problema): “Paralisia por excesso, dificuldade de iniciação das tarefas, não linearidade de execução, troca de contexto cognitivo, retrabalho por não respeitar cadeia única de valor e dependências, memória de trabalho limitada, ausência de processos padronizados e múltiplas fontes de execução e plataformas.” Perspectiva do usuário no mesmo documento: “Perco dinheiro e oportunidades por atrasos e desorganização. […] O momento de maior ansiedade e aflição são os primeiros 30 minutos iniciais, pois não sei onde estava ontem, o que devo fazer agora e como sei que terminei.” | DOC-C07-009 (decisão PROD-03): “Definir a dor central como dificuldade de transformar intenção em comportamento organizado ao longo do tempo, evitando o posicionamento genérico de ‘produtividade’.” | DOC-C01-005: “Eu evitaria usar não execução como problema principal. É estreito demais.” e “A distância entre intenção e execução diante de vulnerabilidades cognitivas e demandas reais.” | DOC-C02-039 (BMC, célula Problema): “Apresentar o EXECUTAR cedo demais pode reduzir a credibilidade da investigação e impedir distinguir interesse genuíno pelo problema de interesse no produto.”",,"Registrar no formulário um enunciado de problema por unidade, em vez de fundir as três camadas num único texto."
1,NEGÓCIO & GTM,1.2,Público-alvo / ICP,formulario_original,conflito,"CONFLITO ENTRE DOCUMENTOS. Versão A (DOC-C05-001, workbook Sas-06, seção Público): “Homens, adultos, neurodivergentes, autônomos, na faixa dos 25–35 anos, recém-diagnosticados, que gerenciam múltiplos processos e projetos ao mesmo tempo. Têm consciência básica de terminologia e funções executivas, já utilizaram e abandonaram outros aplicativos por não manterem o uso e rejeitam alta complexidade de configuração.” Versão B (DOC-C07-009, decisão ICP-01 / achado ICP-HYP-01, 15/08/2026): “Profissional independente/solo brasileiro, aproximadamente 25–44 anos, multiprojeto, que perde contexto, tem dificuldade recorrente para escolher próxima ação, já tentou ferramentas de produtividade e controla/influencia a própria compra”, com ressalva explícita de que diagnóstico de TDAH NÃO é critério de entrada. As duas versões divergem em faixa etária (25–35 × 25–44), gênero (homens × não especificado) e no papel da neurodivergência/diagnóstico como critério de ICP. Unidades com público próprio já declarado: ECO-07 Estúdio — “Profissionais solo, autônomos e pequenos negócios com trabalho, informação, clientes e projetos dispersos”; ECO-02 Blog — “Leitores interessados em funções executivas, neurodivergência, trabalho, projetos e risco; especialistas entram como crítica externa, não como endosso.”",decisao,alta,TRANSVERSAL — conflito em ECO-01; ECO-07 e ECO-02 têm públicos próprios,"['DOC-C05-001', 'DOC-C07-009', 'DOC-C02-039']","DOC-C05-001: “Homens, adultos, neurodivergentes, autônomos, na faixa dos 25–35 anos, recém-diagnosticados…” | DOC-C07-009 (ICP-01, status DECIDED_FOR_TEST, confiança MÉDIA-ALTA): “Iniciar testes por profissionais independentes multiprojeto, sem exigir diagnóstico de TDAH”; e “O que não é critério de entrada: Diagnóstico de TDAH. Diagnóstico/autodeclaração deve ser variável opcional posterior, especialmente porque dados de saúde são sensíveis e não são necessários para o core funcional.” | DOC-C05-001 (SSOT Executar Studio, item 02 Público): “Profissionais solo, autônomos e pequenos negócios com trabalho, informação, clientes e projetos dispersos.” | DOC-C02-039 (BMC, Público/validação): “Leitores interessados em funções executivas, neurodivergência, trabalho, projetos e risco.”",Não há registro de qual definição prevalece nem data de supersessão. DOC-C07-009 é de 15/08/2026 e classifica o ICP como hipótese de classe E a validar; DOC-C05-001 não traz data própria de decisão. Faltaria um ADR comercial ou nota de decisão datada.,Decidir explicitamente qual ICP vale para o lançamento de 07/09 e arquivar a versão superada com data e justificativa.
1,NEGÓCIO & GTM,1.3,Proposta de valor,formulario_original,preenchido,"Proposta de valor por unidade. ECO-01 App: “Criar uma situação em que a execução do que foi planejado aconteça com o mínimo possível de carga administrativa e cognitiva sobre o usuário. O sistema assume parte da estrutura, organização e priorização”; promessa: “Zero configuração, mínimo de personalização, uso mínimo do app — cerca de 1–2 vezes por semana — e externalização cognitiva”; mensagem de sustentação: “Você executa. O sistema sustenta a execução.”; headline canônica: “O app de produtividade feito para você não usar.” Posicionamento resultante (DOC-C07-009): “Sistema de execução para profissionais multiprojeto que transforma contexto em próxima ação e preserva o estado do trabalho — neurocompatível por design, mas não apresentado como tratamento de TDAH.” ECO-07 Estúdio: “Traga o problema. Em 7 dias, saia com um sistema funcionando”; “Menos tempo organizando a operação. Mais clareza sobre o que fazer, onde encontrar e como repetir.” ECO-02/ECO-03: “Transformar Risco Cognitivo em uma categoria editorial e investigável antes de conectá-la ao produto.” ECO-05 Infoprodutos: “Livros digitais funcionam como produto de entrada e aplicação. Curso funciona como aplicação guiada.” ECO-04 Físicos: “Neurobook = planejar e registrar → Timer = executar → Organização = reduzir decisões cotidianas → Office Kit = sistema integrado.”",fato_interno,alta,"TRANSVERSAL — respostas distintas em ECO-01, ECO-07, ECO-02/03, ECO-05 e ECO-04","['DOC-C05-001', 'DOC-C07-009', 'DOC-C09-004', 'DOC-C09-006', 'DOC-C09-016', 'DOC-C09-008', 'DOC-C02-039']","DOC-C05-001 (Benefício e Promessa principal; Mensagem final): “O usuário executa. O sistema sustenta a execução.”; Headline 01: “O app de produtividade feito para você não usar.”; Descrição 01: “Executar é um sistema de gestão de projetos orientado à execução que reduz configuração, organização manual e decisões repetitivas para mostrar o que pode ser feito agora.” | DOC-C07-009 (campo positioning): “Sistema de execução para profissionais multiprojeto que transforma contexto em próxima ação e preserva o estado do trabalho.” | DOC-C09-004: “O aplicativo de produtividade feito para você usar menos. O sistema sustenta a estrutura; o usuário executa.” | DOC-C09-006: “Traga o problema. Em 7 dias, saia com um sistema funcionando.” | DOC-C02-039 (BMC, Proposta de valor): “Transformar Risco Cognitivo em uma categoria editorial e investigável antes de conectá-la ao produto.”",,
1,NEGÓCIO & GTM,1.4,Canais de aquisição,formulario_original,preenchido,"Arquitetura de canais em dois níveis (DOC-C05-001). OWNED: 01 executar.com/Blog (fonte canônica do conteúdo); 02 Biblioteca Executar (indexação permanente, guias, referências, e-books); 03 e-mail/newsletter; 04 comunidade futura. DISTRIBUIÇÃO (plataformas alugadas/terceiras): YouTube (explicação + demonstração + descoberta), Instagram (carrossel, visual, Reels), TikTok (descoberta, vídeos curtos), LinkedIn (gestão, operações, risco, conteúdo técnico). Regra de produção “uma fonte, vários outputs”: questão editorial → pesquisa → artigo canônico → diagrama/infográfico → vídeo principal → 2–4 shorts → carrossel → post LinkedIn → newsletter → entrada na Biblioteca → trecho no e-book/curso → CTA de aprofundamento. Canais comerciais: Hotmart (infoprodutos, com cadastro e checkout), afiliados (Barkley ×2 e Ana Beatriz Barbosa Silva), loja própria, formulário visual do Estúdio. Aquisição do ECO-07: “Conteúdo → Showroom → Formulário visual → Encontro → Projeto”. Operacionalmente, os canais estão registrados como 10 chamadas CH-001…CH-010 com destino e estado (DOC-C08-004) e 10 rotas RT-001…RT-010 (DOC-C08-006). Para ECO-02, o canal inaugural é o pacote de 18 ativos em 14 dias: 1 artigo, 1 newsletter, 1 vídeo principal, 3 vídeos curtos, 2 carrosséis, 6 posts curtos, 1 infográfico, 1 checklist, 1 lead magnet e 1 landing page.",decisao,alta,TRANSVERSAL,"['DOC-C05-001', 'DOC-C08-004', 'DOC-C08-006', 'DOC-C06-001', 'DOC-C02-043', 'DOC-C09-015', 'DOC-C09-018', 'DOC-C12-004']","DOC-C05-001 (Arquitetura das plataformas): “OWNED 01 executar.com / Blog — Fonte canônica do conteúdo; OWNED 02 Biblioteca Executar; OWNED 03 E-mail / newsletter; DISTRIBUIÇÃO 01 YouTube; 02 Instagram; 03 TikTok; 04 LinkedIn”; e “Instagram, YouTube, TikTok e LinkedIn não são plataformas proprietárias; são plataformas alugadas/terceiras.” | DOC-C05-001 (SSOT Studio, item 13 Aquisição): “Conteúdo → Showroom → Formulário visual → Encontro → Projeto.” | DOC-C08-004: “CH-001 Experimentar Executar → página do aplicativo”, “CH-003 Explorar a biblioteca”, “CH-007 Ver o livro → ligação de afiliado”, “CH-010 Entrar na lista → formulário”. | DOC-C02-043: “Pacote: 1 artigo, 1 newsletter, 1 vídeo principal, 3 vídeos curtos, 2 carrosséis, 6 posts curtos, 1 infográfico, 1 checklist, 1 lead magnet e 1 landing page — 18 ativos principais.” | DOC-C09-018: “Núcleo inicial — Russell A. Barkley · Vencendo o TDAH Adulto; Russell A. Barkley · Executive Functions; Ana Beatriz Barbosa Silva · Mentes Inquietas.”","Nenhum documento define mídia paga, verba por canal ou meta de tráfego. A aquisição paga só aparece implicitamente, como pressuposto do guardrail de CAC em DOC-C07-009.","Decidir se haverá mídia paga no lançamento de 07/09 e, em caso afirmativo, registrar acquisition_source e campaign_id por canal — eventos já especificados na telemetria de DOC-C07-009."
1,NEGÓCIO & GTM,1.5,Métrica North Star,formulario_original,parcial,"Nenhum documento nomeia uma “métrica North Star”. O candidato canônico mais próximo é o VALUE_EVENT-01 da telemetria do EXECUTAR: “Projeto real → contexto interpretado → próxima ação válida → ação executada → conclusão/evidência registrada” — o evento que define valor entregue e que governa ativação, PMF e coortes W1/W2/W4/W8. Os endpoints de eficácia funcional associados são time_to_next_action, resume_latency, completion_rate, context_reconstruction, execution_cycles_per_week e abandonment_rate. Para ECO-02, a meta declarada é de output, não de outcome: “publicar 18 ativos em 14 dias, com artigo dentro de 1.200–1.800 palavras”, capturando baseline de visualizações, retenção, salvamentos, inscrições e downloads — com a regra explícita de “não estabelecer ainda metas arbitrárias de seguidores ou leads sem baseline”. O BMC do ECO-02 registra literalmente “% geral não informado” e “métricas não informadas permanecem desconhecidas”.",inferencia,media,ECO-01 (candidato VALUE_EVENT-01) e ECO-02 (meta de output),"['DOC-C07-009', 'DOC-C02-043', 'DOC-C02-039', 'DOC-C16-003', 'DOC-C16-006']","DOC-C07-009 (objeto telemetry): “value_event_01: Projeto real → contexto interpretado → próxima ação válida → ação executada → conclusão/evidência registrada”; “functional_efficacy_endpoints: time_to_next_action, resume_latency, completion_rate, context_reconstruction, execution_cycles_per_week, abandonment_rate.” | DOC-C02-043 (Objetivo SMART da primeira fase): “Mensurável: publicar 18 ativos em 14 dias, com artigo dentro de 1.200–1.800 palavras”; “Não estabelecer ainda metas arbitrárias de seguidores ou leads sem baseline.” | DOC-C02-039 (rodapé do BMC): “métricas não informadas permanecem desconhecidas”. | DOC-C16-003 (MED-001) lista apenas o que verificar (chamada→destino, formulário→recebimento, download→arquivo), sem métrica-alvo.","Falta a eleição formal de UMA métrica North Star com definição, fórmula, janela de medição e meta. O artefato estaria num documento de métricas/analytics ou num ADR de produto — inexistente no corpus.",Eleger “VALUE_EVENT-01 concluídos por usuário ativo por semana” como NSM candidata e fixar baseline após o piloto de ≥40 usuários previsto em PMF-01.
1,NEGÓCIO & GTM,1.6,Métricas guardrail,formulario_original,preenchido,"Guardrails existentes, por domínio. (a) Econômico — CAC-01: TARGET-CAC provisório ≤ R$70 e alerta/limite de aproximadamente R$95 até existir CAC observado. (b) Regulatório e de comunicação — CLAIM-01, PROD-14 e PROD-15: claims proibidos hoje são “Reduz sintomas de TDAH”, “Melhora função executiva clinicamente”, “Trata TDAH”, “Diagnostica ou identifica TDAH”, “Substitui terapia, tratamento ou medicação” e “Cientificamente comprovado para TDAH”; e é bloqueado qualquer uso do produto como diagnóstico, substituição profissional ou inferência clínica. (c) Gate de PMF — PMF-01: só declarar PMF com convergência de VALUE_EVENT-01, coortes W1/W2/W4/W8, pagamento/renovação e pesquisa de dependência, com heurística n ≥ 40 qualificados e > 40% “muito desapontados”. (d) Operacional de lançamento: “Broken links = 0”, “backlog crítico = 0”, “não existe entrega crítica aguardando produção”. (e) Epistemológico — invariantes: “original ≠ extração ≠ evidência ≠ decisão · candidate ≠ verified · benchmark ≠ dado do EXECUTAR · modelo econômico ≠ unit economics observado · literatura externa ≠ eficácia do EXECUTAR · similaridade ≠ suporte factual”.",decisao,alta,TRANSVERSAL — econômico e de claims em ECO-01; operacional no GTM 07/09,"['DOC-C07-009', 'DOC-C06-001', 'DOC-C08-007']","DOC-C07-009 (CAC-01): “Usar TARGET-CAC provisório ≤ R$70 e alerta/limite de aproximadamente R$95 até existir CAC observado.” | DOC-C07-009 (claims_policy.prohibited_now): lista literal dos seis claims proibidos. | DOC-C07-009 (Invariantes): “modelo econômico ≠ unit economics observado”. | DOC-C06-001 (D11, DoD do dia): “Broken links = 0; fluxo de conversão testado”; D12: “Tudo agendado; backlog crítico = 0; GTM READY.” | DOC-C08-007: “não existe entrega crítica aguardando produção.”","Não há guardrail técnico de produto nesta área (taxa de erro, latência, custo de IA por usuário). O evento variable_ai_cost é coletado na especificação de telemetria, mas sem limiar definido.","Definir limite para variable_ai_cost por usuário ativo, já que o evento está previsto mas não tem teto declarado."
1,NEGÓCIO & GTM,1.7,CAC (custo de aquisição),formulario_original,parcial,"Não existe CAC observado. Existe apenas guardrail modelado: TARGET-CAC provisório ≤ R$70 (alvo conservador) e alerta/limite de aproximadamente R$95 (cenário-base); e CAC máximo por cenário para manter LTV:CAC = 3 em R$141 (otimista), R$94 (base) e R$71 (conservador). O próprio documento fixa a regra de cálculo e proíbe substitutos: “CAC observado = gasto atribuível / novos clientes pagantes. CPI, CPM, clique e cadastro não substituem CAC.” Classe epistêmica E (inferido), status DECIDED_AS_GUARDRAIL, confiança MÉDIA na fonte.",hipotese,media,ECO-01,['DOC-C07-009'],"DOC-C07-009 (bloco “CAC guardrail”): “≤ R$70 alvo conservador; ≈ R$95 alerta / cenário-base. CAC observado = gasto atribuível / novos clientes pagantes. CPI, CPM, clique e cadastro não substituem CAC.” | Achado CAC-HYP-01 (epistemic_class E, status MODEL_GUARDRAIL): “Guardrail econômico; CAC observado só existe após campanha e aquisição pagante.” | Gap registrado: {gap: CAC, status: “MODELO + GUARDRAIL”, closed: false, remaining: “Campanhas e clientes pagantes.”}","Falta o CAC real. Não há, em nenhum dos 214 arquivos, campanha paga executada, cliente pagante registrado ou tabela de gasto por canal. O dado nasceria dos eventos acquisition_source, campaign_id e paid_at do warehouse de telemetria — já especificados, ainda não instrumentados.",Não preencher com número. Instrumentar acquisition_source/campaign_id/paid_at antes da primeira campanha paga e só então calcular CAC observado.
1,NEGÓCIO & GTM,1.8,LTV (valor do tempo de vida),formulario_original,parcial,"Não existe LTV observado. Existe apenas LTV modelado sob premissas declaradas como classe E: ARPU mensal de R$49,90 e margem bruta assumida de 85%; cenário otimista com churn mensal de 10% → LTV R$424; cenário base com churn de 15% → LTV R$282,77; cenário conservador com churn de 20% → LTV R$212. O documento instrui explicitamente: “Não persistir como LTV factual. Substituir por cohorts LTV_30/60/90/180/365.”",hipotese,media,ECO-01,['DOC-C07-009'],"DOC-C07-009 (unit_economics, status MODEL_HYPOTHESIS_NOT_OBSERVED): “arpu_monthly_brl: 49.9; gross_margin_assumption: 0.85; scenarios: optimistic churn 0.10 → ltv 424; base churn 0.15 → ltv 282.77; conservative churn 0.20 → ltv 212.” | Achado LTV-HYP-01: “LTV_MODEL_BASE ≈ R$282,77 sob ARPU R$49,90, margem bruta 85% e churn mensal 15%. […] Não persistir como LTV factual.” | Gap registrado: {gap: LTV, status: “MODELO HIPOTÉTICO”, closed: false, remaining: “Retenção, churn e margem reais.”}","Falta LTV factual: não há coorte real, churn observado nem pagamento registrado. O dado nasceria das janelas LTV_30/60/90/180/365 do warehouse de telemetria, especificadas mas não populadas.",Não preencher com número. Rodar as coortes LTV_30/60/90 após o primeiro piloto pagante e substituir o modelo.
1,NEGÓCIO & GTM,1.9,Margem por unidade/usuário,formulario_original,parcial,"Há regra de margem, não margem observada, e ela difere por unidade. ECO-01 App: margem bruta de 85% é premissa (classe E) do modelo econômico, não medição. ECO-05 Infoprodutos: a margem deve nascer da cadeia “valor percebido → benchmark → posicionamento → taxa do canal → CAC → margem de contribuição”, com taxa Hotmart projetada por prudência em 9,9% + R$2,49 (a Central de Ajuda ainda mostrava 9,9% + R$1,00, com mudança anunciada para 21/09/2026). ECO-04 Produtos físicos: a margem deve nascer do custo variável total Y, nunca do preço de fornecedor — a planilha de landed cost do Timer 45 parte de R$39 de fornecedor e mantém “preencher” em frete internacional, impostos/importação, frete/localização, embalagem Executar e etiqueta/manual/QR; fórmulas registradas: “Margem bruta = (Preço − Custo) ÷ Preço” e “Markup = Preço ÷ Custo”. Política de margem declarada como a testar, sem percentual fixado: “Eu não fixaria ainda ‘o Timer precisa dar 60%’ ou ‘o Neurobook precisa dar 50%’”, com estratégia diferenciada por classe (Timer = produto comparável, margem disciplinada; Neurobook = proprietário, maior liberdade de preço; Office Kit = bundle, maximizar margem absoluta e ticket, não percentual).",decisao,media,"TRANSVERSAL — ECO-01 (premissa 85%), ECO-05 (taxa de canal), ECO-04 (landed cost incompleto)","['DOC-C07-009', 'DOC-C05-001', 'DOC-C09-008']","DOC-C07-009: “gross_margin_assumption: 0.85”, dentro de unit_economics com status MODEL_HYPOTHESIS_NOT_OBSERVED. | DOC-C05-001 (Hotmart e margem): “a página comercial da Hotmart já anuncia 9,9% + R$2,49. Eu faria suas projeções usando 9,9% + R$2,49, por prudência”; e “valor percebido → benchmark → posicionamento → taxa do canal → CAC → margem de contribuição.” | DOC-C05-001 (Unit Economics — produtos físicos): tabela do Timer 45 com “Preço do fornecedor R$39” e cinco linhas “preencher”; “O preço deve nascer de Y, e não dos R$39.” | DOC-C09-008: “Timer 45 | ferramenta funcional | validar custo e preço”.",Faltam os custos posto (landed cost) reais dos SKUs físicos — as linhas estão literalmente marcadas “preencher” — e falta a margem observada por usuário do app (custo de infraestrutura + variable_ai_cost por usuário ativo). Estaria numa planilha de custo de produto e num relatório de custo por usuário.,"Cotar frete, impostos e embalagem dos quatro SKUs para fechar o Y do Timer 45 antes de publicar preço na loja."
1,NEGÓCIO & GTM,1.10,Ponto de equilíbrio (breakeven),formulario_original,lacuna,,fato_interno,alta,TRANSVERSAL,"['DOC-C04-001', 'DOC-C07-009', 'DOC-C05-001']","Busca literal por “break-even”, “breakeven” e “ponto de equilíbrio” em todos os 214 arquivos retorna um único hit: DOC-C04-001 (Cronograma.md), que é o cronograma do próprio formulário e apenas lista o nome do campo — “1.10 | Ponto de equilíbrio (breakeven) | formulário”. DOC-C07-009, o documento econômico mais avançado do corpus, cobre preço, CAC, LTV e PMF, mas não calcula breakeven, e classifica todo o bloco de unit economics como MODEL_HYPOTHESIS_NOT_OBSERVED. DOC-C05-001 discute margem, markup e capital de giro, mas nunca ponto de equilíbrio.","Falta qualquer cálculo de ponto de equilíbrio: não há custo fixo mensal declarado (infraestrutura, ferramentas, Hotmart, domínios), não há meta de assinantes pagantes e não há receita atual registrada. O dado estaria numa planilha de custos fixos + modelo de receita, ou num P&L simplificado — inexistentes no corpus.","Levantar o custo fixo mensal real (Vercel, Neon, Clerk, Sentry, domínios, Hotmart) e dividi-lo pela margem de contribuição por assinante para obter o número mínimo de assinantes; não estimar antes desse levantamento."
1,NEGÓCIO & GTM,1.11,Teto de gasto de infraestrutura,formulario_original,lacuna,,fato_interno,alta,"ECO-01 (e ECO-02, site/CMS)","['DOC-C04-002', 'DOC-C02-017', 'DOC-C07-009']","A infraestrutura está nomeada em vários documentos — DOC-C04-002 cita monorepo com bun, apps/app em Next.js, apps/mobile em Expo 57, Clerk, Sentry, Vercel Preview, “AWS/Aurora” e app local-first via localStorage; DOC-C02-017 cita “Vercel Payload Website Starter + Next.js + Payload CMS + PostgreSQL/Neon + Vercel Blob”, mais “Vercel Web Analytics + Speed Insights”. Nenhum desses documentos, nem DOC-C07-009, declara valor monetário de gasto de infraestrutura ou teto. Busca por “teto de gasto”, “custo de infra”, “orçamento de infra”, “free tier” e “plano gratuito” em todo o corpus não retorna ocorrências.","Falta o teto de gasto: nenhum documento traz fatura, plano contratado (Hobby/Pro), limite de billing ou alerta de custo de qualquer fornecedor. O dado estaria nos consoles/faturas de Vercel, Neon, Clerk e Sentry, ou num documento de orçamento de infraestrutura.",Exportar o custo mensal atual de cada fornecedor e definir um teto explícito com alerta de billing antes do lançamento de 07/09.
1,NEGÓCIO & GTM,1.12,Gatilhos de upgrade de infra,formulario_original,lacuna,,fato_interno,media,ECO-01,"['DOC-C04-002', 'DOC-C07-009']","Não há gatilho de upgrade de infraestrutura em nenhum documento lido. O único enunciado adjacente é uma decisão de sequenciamento arquitetural, não um gatilho de escala: DOC-C04-002 registra “Integrar o núcleo ao Vercel AI SDK, MCP authority, Clerk e UnitOfWork local antes de Aurora” e “App é local-first: EstadoOperacional hidrata de localStorage via chaveOrganizacao + restaurarEstado, sincroniza com servidor só opcionalmente (remotePersistenceAvailable)”. DOC-C07-009 prevê coletar variable_ai_cost, mas não define limiar de disparo.","Falta o gatilho: não existe métrica-limiar (usuários ativos, requisições, GB de banco, custo mensal, p95 de latência) associada a uma ação de upgrade. O dado estaria num runbook de capacidade/escalabilidade ou num ADR de infraestrutura.","Definir dois ou três limiares objetivos (custo mensal, conexões de banco, p95) que disparem a migração de local-first para persistência remota/Aurora, e registrá-los como ADR."
1,NEGÓCIO & GTM,1.13,Análise competitiva,enriquecido_via_plugin,preenchido,"Há análise competitiva em três frentes, todas com preços e fontes registrados. (a) ECO-05 Infoprodutos — benchmark de e-books: ofertas de TDAH observadas a R$19,90, R$27, R$29,90 e R$37,90, e um e-book comercial da Artmed de Barkley a R$97,28; faixas de posicionamento recomendadas de R$19,90–29,90 (PDF simples) até R$99–129 (bundle de 3 e-books). Benchmark de cursos: curso introdutório 12h/16 aulas a R$89,90; curso neurodivergência/trabalho 15+ aulas a R$97; escola ampla com 200+ aulas a R$197; programa Ana Beatriz a ~R$196; programa guiado de 7 encontros a R$197; programa premium “TDAH 2.0” (90 dias, 75 aulas, app/IA) a R$1.997. (b) ECO-07 Estúdio — benchmark de consultoria: CCN a R$300/h com implantação conduzida; Produtive.Me a R$2.500 por sprint de mapeamento de 15 dias e R$4.000 por 30 dias, sem implementação; benchmark de Work OS usado para decidir vender “transformação operacional”, não “consultoria de Notion”. (c) ECO-03 Framework — prior art: ICF/CIF e WHODAS 2.0 da OMS, Roadmap to Self-Empowerment for Autistic Adults, My Sensory Experiences Tool, ICF Core Sets para autismo e TDAH, “cognitive risk” já existente em ERM, publicação da APM de 26/08/2026 e pesquisa da APM sobre neurodiversidade em project management. Guardrail explícito: “‘Não encontramos’ não significa ‘não existe’.”",evidencia_externa,alta,"TRANSVERSAL — forte em ECO-05, ECO-07 e ECO-03; fraco em ECO-01","['DOC-C05-001', 'DOC-C01-005', 'DOC-C02-031', 'DOC-C02-022', 'DOC-C07-009']","DOC-C05-001 (Benchmark — e-books): “Há ofertas de TDAH por R$ 19,90, R$ 27, R$ 29,90 e R$ 37,90; um e-book comercial da Artmed de Barkley, muito mais extenso e editorialmente tradicional, está em R$ 97,28.” (Benchmark — curso): tabela com seis ofertas de R$89,90 a R$1.997. (Serviços): “a CCN mantém consultoria a R$300/h […]; a Produtive.Me cobra R$2.500 por um sprint de mapeamento de 15 dias e R$4.000 por 30 dias, sem implementação.” | DOC-C01-005: “O framework mais próximo, em termos de estrutura geral, é a ICF/CIF da OMS”; “Há também o WHODAS 2.0, da OMS”. | DOC-C02-031 (item 4, GUARDRAIL): “‘Não encontramos’ não significa ‘não existe’.” | DOC-C02-022 (RC-014): “A APM publicou em 26/08/2026 conteúdo dizendo que projetos também podem falhar cognitivamente.” | DOC-C07-009 (themes_qt): tema “Benchmark de apps concorrentes” com apenas 3 registros.","A análise competitiva do ECO-01 é a mais fraca: apps concorrentes (Notion, ClickUp, Trello, Todoist e similares) aparecem apenas como ferramentas que o cliente já usa, sem comparativo de features, preço ou posicionamento — e a base de evidências tem só 3 registros no tema “Benchmark de apps concorrentes”.","Produzir um comparativo direto de apps concorrentes com preço, modelo de assinatura e tratamento de “próxima ação”, para sustentar o posicionamento de PRICE-01."
1,NEGÓCIO & GTM,1.14,Dados e warehouse,enriquecido_via_plugin,preenchido,"Existe arquitetura de dados documentada em cinco camadas. (a) Base de evidências: base_evidencias_tdah_adulto_WAREHOUSE.json, que encapsula um CSV — file_name base_evidencias_tdah_adulto_WAREHOUSE.csv, sha256 57f2a101…cffdbf, 129.719 bytes, 30 colunas, 240 registros. (b) Canônico e schema: “Google Drive / Supabase-2026-TDHA”, schema_version “DATA-SCHEMA-002 / base 1.1”; estado atual com 31 sources, 248 RAW, 116 knowledge, 161 evidence candidates, 0 strict VERIFIED, 240 evidências legadas, 694 perguntas de framework e 22 decisões operacionais. Gate factual definido: “record_status=VERIFIED · classe A/B/C · source_verified · extraction_verified · context_verified · proveniência · numeric_verified para measurement”. (c) Schema de domínio: SCHEMA_MATRIZ_GESTAO_TDAH_V1 (CSV + YAML), 18 campos, origem DATA-ADHD-PM-001/DRIVE-PROD-002, estado documental “existente + registrado + verificado; não preenchido; não aprovado como schema final”. (d) Telemetria de produto especificada e não instrumentada: acquisition_source, campaign_id, install_or_signup, activated_at, first_value_at, paid_at, plan, gross_revenue, refund, variable_ai_cost, cancelled_at, renewed_at, last_value_event_at; coortes W1/W2/W4/W8; janelas LTV_30/60/90/180/365. (e) Observabilidade editorial: Vercel Web Analytics + Speed Insights, com decisão RC-054 de priorizar métricas agregadas em vez de identificação individual.",fato_interno,alta,TRANSVERSAL,"['DOC-C07-007', 'DOC-C07-009', 'DOC-C07-005', 'DOC-C07-006', 'DOC-C02-017']","DOC-C07-007 (cabeçalho do JSON): “format: csv · file_name: base_evidencias_tdah_adulto_WAREHOUSE.csv · sha256: 57f2a1015cf04e67fba04178e038f8d31f617d6e0ec050711280c8b048cffdbf · size_bytes: 129719 · columns: 30 · row_count: 240”. | DOC-C07-009 (status): “canonical: Google Drive / Supabase-2026-TDHA · schema_version: DATA-SCHEMA-002 / base 1.1”; (Estado atual): “31 sources · 248 RAW · 116 knowledge · 161 evidence candidates · 0 strict verified · 22 decisões operacionais.” | DOC-C07-006: “estado_documental: existente + registrado + verificado; não preenchido; não aprovado como schema final”. | DOC-C02-017 (OBSERVABILIDADE): “Vercel Web Analytics + Speed Insights”; RC-054: “Inicialmente priorizar métricas agregadas, não identificação…”.","O warehouse cobre evidência científica, não dados de produto: são 0 registros strict VERIFIED e nenhum evento de telemetria do app foi coletado — a lista de required_events é especificação, não dado.","Instrumentar os 13 required_events antes do lançamento, para que CAC, LTV e PMF possam migrar de modelo para observação."
1,NEGÓCIO & GTM,1.15,Cadência financeira recorrente,enriquecido_via_plugin,lacuna,,fato_interno,alta,TRANSVERSAL,"['DOC-C04-001', 'DOC-C06-001', 'DOC-C07-009', 'DOC-C07-010']","Busca por “DRE”, “P&L”, “demonstrativo de resultado”, “variância”, “fluxo de caixa” e “MRR” em todo o corpus retorna apenas: DOC-C04-001 (Cronograma.md), que só lista o nome do campo “1.15 | Cadência financeira recorrente (P&L/variância) | 🔌 finance/financial-statements, variance-analysis”, e ocorrências em outro sentido (variância estatística, gates operacionais). Existe cadência OPERACIONAL detalhada — DOC-C06-001 define templates diário e semanal, WEEK-01/WEEK-02, gates G0–G9, DoD diário e somatório de horas por value stream — mas nenhuma cadência FINANCEIRA: não há fechamento mensal, revisão de receita e custo, nem análise de variância orçado × realizado.","Falta a rotina financeira recorrente: quem fecha, com que periodicidade, contra qual orçamento e em qual artefato. O dado estaria num P&L/planilha financeira mensal ou num runbook de fechamento — inexistentes no corpus.","Instituir um fechamento mensal simples (receita por canal, custo fixo, custo variável de IA/infra, margem) assim que houver a primeira venda; hoje não há receita registrada que justifique análise de variância."
1,NEGÓCIO & GTM,1.16,Pipeline e forecast de vendas,enriquecido_via_plugin,parcial,"Há pipeline definido para ECO-07 (Estúdio) e nenhum forecast quantificado em nenhuma unidade. Pipeline do Estúdio: “Conteúdo → problema reconhecido → showroom demonstra solução concreta → formulário visual de 5 min → seleção de fit → D1 entender + cocriar → D2–D3 estruturar + construir → D4 demonstrar protótipo → D5 Studio + teste assíncrono → D6 implementar + onboarding → D7 validar → 10/20/30 manutenção → caso + evidência → novo projeto / indicação / expansão”. Capacidade declarada: 1 cliente por semana, 1 projeto, 1 entrega principal, 7 dias. Escada comercial que funciona como estágio de pipeline: Piloto 01–03 a R$0 (para construir processo, métricas e portfólio) → Founding 04–06 a R$700 (primeiros clientes pagantes) → Regular Workflow a partir de R$1.490, Automação/Agente a partir de R$1.990, App/Sistema a partir de R$2.490. A qualificação é capturada no FORM-001, que inclui “prazo desejado” e “faixa de investimento” (Até R$1.500 · R$1.500–2.500 · R$2.500–5.000 · Ainda não sei), além da tabela de fit “É para / Não é para”.",decisao,media,ECO-07 (pipeline definido); forecast ausente em todas as unidades,"['DOC-C05-001', 'DOC-C12-003', 'DOC-C09-006', 'DOC-C11-010']",DOC-C05-001 (Cadeia única de valor final): “Conteúdo ↓ problema reconhecido ↓ showroom demonstra solução concreta ↓ formulário visual de 5 min ↓ seleção de fit ↓ D1 · entender + cocriar […] ↓ caso + evidência ↓ novo projeto / indicação / expansão.” (Escada recomendada): “Piloto 01–03 · R$0; Founding 04–06 · R$700; Regular Workflow · desde R$1.490; Regular Automação/Agente · desde R$1.990; Regular App/Sistema · desde R$2.490.” | DOC-C09-006 (Modelo): “1 cliente por semana · 1 projeto · 1 entrega principal · 7 dias.” | DOC-C12-003: “10 · Faixa de investimento imaginada: Até R$1.500 · R$1.500–2.500 · R$2.500–5.000 · Ainda não sei.”,"Falta o forecast: não há número esperado de leads, taxa de conversão por estágio, ticket médio projetado nem receita prevista por mês. E não há pipeline algum para ECO-01 (assinaturas) nem ECO-05 (infoprodutos). O dado estaria num CRM ou planilha de forecast — inexistentes no corpus.","Instrumentar o FORM-001 para contar leads por estágio a partir de 07/09 e só então projetar conversão, dado que a capacidade está travada em 1 cliente por semana."
2,PRODUTO,2.1,Nome do produto/feature,formulario_original,preenchido,"Nomes canônicos por unidade. ECO-01 — produto: EXECUTAR (grafado “Executar”), com três features de destaque: Feature 01 Agente 007 / Autogestão adaptativa; Feature 02 Scanner / QR / Atalhos; Feature 03 Mapa-OS / Analógico / Prisma. No código, a identidade unificada chama-se “tokens exec.*” e as rotas entregues são /scanner e /mapa-os (formatos ?format=prisma, A4 retrato, e ?format=tripe, A4 paisagem). ECO-07: “Executar Studio”, com três famílias — 01 Processos & Workflows, 02 Automações & Agentes, 03 Apps & Sistemas de Trabalho. ECO-02/ECO-03: marca editorial “Risco Cognitivo” (publicação riscocognitivo.org, canais @riscocognitivo) e framework técnico provisório “Cognitive Execution Risk Management — CERM”. ECO-05: curso “Gerenciando o TDAH Adulto” (I0) e e-books I1 “Aplicando o TDAH Adulto — Tutorial Prático”, I2 “TDAH Risk Management na Prática”, I3 “Gerenciando o TDAH Adulto / 360”. ECO-04: P0 “Executar Office Kit” (hero product), P1 “Executar Neurobook”, P2 “Timer 45”, P3 “Kit de Organização Física”. ECO-02: “Biblioteca Executar”.",fato_interno,alta,TRANSVERSAL — nomes distintos por unidade,"['DOC-C05-001', 'DOC-C04-002', 'DOC-C09-004', 'DOC-C09-011', 'DOC-C09-013', 'DOC-C09-008', 'DOC-C01-006', 'DOC-C02-016']","DOC-C05-001: “Feature 01 — Agente 007 / Autogestão adaptativa”, “Feature 02 — Scanner / QR / Atalhos”, “Feature 03 — Mapa-OS / Analógico / Prisma”; Master Index dos infoprodutos I0–I4; Master Index — Produtos Físicos P0–P4. | DOC-C04-002: “PR #77 — feat(design-system): identidade única de tokens exec.*”; rotas “apps/app/app/(authenticated)/scanner/” e “/mapa-os?format=prisma (padrão, A4 retrato) e /mapa-os?format=tripe (A4 paisagem)”. | DOC-C01-006: “Risco Cognitivo → é a marca editorial; riscocognitivo.org → é a publicação/site; @riscocognitivo → são os canais da publicação.” | DOC-C02-016: “TÍTULO: Cognitive Execution Risk Management — v0.1”, com guardrail “Não reivindicar criação de ‘Cognitive Risk Management’”.",,
2,PRODUTO,2.2,Contexto do PRD,formulario_original,parcial,"Não existe PRD no corpus. O que existe é a base que antecede e alimenta um PRD, mais referências a PRDs que estão fora do conjunto documental. (a) Base: DATA-ADHD-PM-001 — “Matriz paralela Gestão de Projetos → exigência humana → vulnerabilidade associada ao TDAH → impacto operacional → compensação sistêmica → decisão de produto”, versão 1.0, de 19/08/2026, owner “Não determinado”, com o Next 01 explícito de “transformar a matriz em requisitos funcionais e princípios de design verificáveis”. (b) 22 decisões operacionais governadas (PROD-01…PROD-15 mais ICP-01, POSITION-01, PRICE-01, CAC-01, PMF-01, EFFICACY-01 e CLAIM-01), que funcionam como o contexto decisório que um PRD consumiria. (c) Referências a artefatos ausentes: DOC-C04-002 cita “PRD-006/UX-004” como critério de UX do Scanner e “OQ-008 do FRD original do Scanner” — nem o PRD-006 nem o FRD constam do inventário de 214 arquivos.",fato_interno,media,ECO-01,"['DOC-C07-010', 'DOC-C07-009', 'DOC-C04-002', 'DOC-C07-002']","DOC-C07-010: “ID DATA-ADHD-PM-001 · Tipo Pesquisa — Matriz de evidências e implicações de produto · Owner Não determinado · Versão 1.0 · Data 19/08/2026”; “Next 01 Transformar a matriz abaixo em requisitos funcionais e princípios de design verificáveis.” | DOC-C04-002: “Câmera compacta por padrão (PRD-006/UX-004: velocidade de captura antes de prévia grande)” e “Offline (OQ-008 do FRD original do Scanner) segue fora de escopo, nunca implementado.”","Falta o PRD propriamente dito. Os documentos citam PRD-006 e um FRD do Scanner que não estão entre os 214 arquivos — provavelmente vivem no repositório Sas-Executar/Sas-Executar ou no Drive, não no conjunto entregue.","Localizar PRD-006 e o FRD do Scanner no repositório/Drive e incorporá-los ao registro documental, ou declará-los inexistentes e escrever o PRD a partir de DATA-ADHD-PM-001."
2,PRODUTO,2.3,Objetivos (goals),formulario_original,preenchido,"Objetivos por unidade. ECO-01 App: “transferir carga executiva evitável do operador para o sistema, preservando decisão e autonomia do usuário”; e “criar uma situação em que a execução do que foi planejado aconteça com o mínimo possível de carga administrativa e cognitiva”. ECO-03 Framework: “Investigar riscos cognitivos endógenos como vulnerabilidades capazes de aumentar a probabilidade de desvio entre intenção e execução”, com cinco componentes provisórios — Cognitive Risk Profile, Cognitive Demand Map, Cognitive Risk Register, Compensating Controls e Execution Evidence. ECO-02 Blog: “Publicar o artigo fundador e iniciar a campanha inaugural de 14 dias sem transformar a campanha em lançamento de produto”; objetivo SMART: “lançar Risco Cognitivo e validar interesse pela tese”. GTM 07/09 (transversal): 60h comprometidas + 12h de reserva em 12 dias produtivos (83% da capacidade), com tudo “produzido, integrado, configurado e agendado” até 05/09. ECO-05 Curso: quatro módulos Entender → Estruturar → Executar → Evoluir. ECO-02 site/CMS: autonomia editorial total, sem tocar em código.",decisao,alta,TRANSVERSAL — objetivos distintos por unidade,"['DOC-C07-002', 'DOC-C02-016', 'DOC-C02-014', 'DOC-C06-001', 'DOC-C09-013', 'DOC-C02-017']","DOC-C07-002 (Tese operacional): “transferir carga executiva evitável do operador para o sistema, preservando decisão e autonomia do usuário.” | DOC-C02-016 (PROPOSIÇÃO): “Investigar riscos cognitivos endógenos como vulnerabilidades capazes de aumentar a probabilidade de desvio entre intenção e execução”; COMPONENTES PROVISÓRIOS 1–5. | DOC-C02-014 (OBJETIVO): “Publicar o artigo fundador e iniciar a campanha inaugural de 14 dias sem transformar a campanha em lançamento de produto.” | DOC-C06-001: “recomendação: 60h comprometidas + 12h de reserva (83% da capacidade)”. | DOC-C09-013: “4 módulos: Entender → Estruturar → Executar → Evoluir.”",,
2,PRODUTO,2.4,Não-objetivos (non-goals),formulario_original,preenchido,"Não-objetivos explícitos e abundantes, por unidade. ECO-01: PROD-14 — “Bloquear usos do produto como diagnóstico, substituição profissional ou inferência clínica a partir de desempenho em tarefas”; CLAIM-01 proíbe “Reduz sintomas de TDAH”, “Melhora função executiva clinicamente”, “Trata TDAH”, “Diagnostica ou identifica TDAH”, “Substitui terapia, tratamento ou medicação” e “Cientificamente comprovado para TDAH”; POSITION-01 — “não como tratamento de TDAH”; EFFICACY-01 — “não iniciar com claim de redução de sintomas”. No código: “Offline (OQ-008) segue fora de escopo, nunca implementado”; e o primitivo concluirPorGestoHumano é “reservado DELIBERADAMENTE só para gesto humano direto — o Copiloto/IA continua passando por executarFerramenta”. Duas explorações de design foram registradas e deliberadamente NÃO adotadas: “Fractal Fluent” e “3PN + Good Path”. ECO-02: “O artigo não termina vendendo EXECUTAR”; “O CTA do D14 não deve vender EXECUTAR na campanha inaugural.” ECO-03: “Não reivindicar criação de ‘Cognitive Risk Management’”; não afirmar que “déficit de atenção” é termo abolido; não afirmar que pessoas neurotípicas não possuem riscos cognitivos. ECO-04: “Roupas — fora do escopo atual […] Não lançar agora”; “Não imobilizar estoque relevante antes de validar intenção.” ECO-07: tabela “Não é para” (quem busca tratamento de saúde, quem quer só uma dica rápida, projeto sem dono, escopo indefinido, grande transformação corporativa em sete dias); e “Eu não publicaria ‘consulta sem limite de tempo’ literalmente.” GTM 07/09: “Não é: Editar landing · Terminar vídeo · Produzir post · Cadastrar produto.”",decisao,alta,TRANSVERSAL,"['DOC-C07-009', 'DOC-C04-002', 'DOC-C02-043', 'DOC-C02-014', 'DOC-C02-016', 'DOC-C09-008', 'DOC-C05-001', 'DOC-C06-001']","DOC-C07-009 (PROD-14): “Bloquear usos do produto como diagnóstico, substituição profissional ou inferência clínica a partir de desempenho em tarefas”; (claims_policy.prohibited_now): lista literal dos seis claims. | DOC-C04-002 (item 4e): “Offline (OQ-008 do FRD original do Scanner) segue fora de escopo, nunca implementado.”; e “Duas explorações de design JÁ REGISTRADAS no ecossistema e DELIBERADAMENTE NÃO ADOTADAS aqui”. | DOC-C02-043: “O artigo não termina vendendo EXECUTAR.” | DOC-C02-016 (GUARDRAIL): “Não reivindicar criação de ‘Cognitive Risk Management’.” | DOC-C09-008 (Regra): “Não imobilizar estoque relevante antes de validar intenção.” | DOC-C06-001 (07/09): “Não é: Editar landing · Terminar vídeo · Produzir post · Cadastrar produto. Se isso estiver acontecendo em 07/09, o Freeze falhou.”",,
2,PRODUTO,2.5,Requisitos funcionais (FRD),formulario_original,preenchido,"Requisitos funcionais existem em dois níveis. (a) Componentes sistêmicos derivados da compensação (DOC-C05-001, item 16): “memória externa persistente, decomposição assistida, motor de prioridade, próxima ação, contexto persistente, throughput observado, sistema temporal, grafo de dependências, progresso automático, DoD e retomada de estado”; automações (item 18): “recalcular prioridades, filtrar elegibilidade, preservar contexto, atualizar progresso e selecionar a próxima ação”. Regras do motor: dependências, tempo, WIP e ciclo definem elegibilidade; Flow Score e Context Score ordenam as alternativas válidas; Progress Points registram somente trabalho efetivamente concluído. (b) Requisitos já implementados e verificáveis (DOC-C04-002): rota /scanner com reconhecimento de forma, sem QR, dos cinco símbolos administrativos entrada | copiloto | seletor | feito | saída; resolverPayloadScanner(payload); idempotencyKeyScanner com bucket de 10s contra duplo-scan acidental; Undo com janela de 8s restaurando o EstadoOperacional anterior via expectedRevision (concorrência otimista); rota /mapa-os com projetarMapaOS — projeção pura, “nenhum estado novo” — nos formatos prisma (A4 retrato) e tripé (A4 paisagem); primitivo concluirPorGestoHumano, que ignora requireDod, requireEvidence, requireHumanApproval e requireVerification mesmo sob POLITICA_CONCLUSAO_PADRAO, mas apenas para gesto humano direto e mantendo registro auditável no event log; toda mutação oficial passa por executarFerramenta, com idempotência e replay via run-ledger. (c) Requisitos de UX derivados das decisões PROD-05 e PROD-09…PROD-13: uma única próxima ação principal explícita; nos primeiros segundos mostrar estado atual, resultado necessário e próxima ação; persistir contexto e posição de execução para retomada; interromper apenas por evento crítico; exigir confirmação só em ações irreversíveis.",fato_interno,alta,ECO-01,"['DOC-C04-002', 'DOC-C05-001', 'DOC-C07-009', 'DOC-C11-006', 'DOC-C11-004']","DOC-C04-002: “idempotencyKeyScanner(organizationId, acao, alvo, nowMs) → bucket de 10s, evita duplo-scan acidental”; “Undo: janela de 8s, restaura o EstadoOperacional anterior via o mesmo endpoint de salvar estado com expectedRevision”; “concluirPorGestoHumano(tasks, state, taskId, nota) — Ignora TODAS as flags de PoliticaConclusao […] Reservado DELIBERADAMENTE só para gesto humano direto”. | DOC-C05-001 (item 16 Componentes sistêmicos): lista literal dos onze componentes. | DOC-C07-009 (PROD-09): “A interface deve tornar explícita uma única próxima ação principal e esconder complexidade secundária até ser necessária.”","Não há FRD consolidado: os requisitos estão distribuídos entre handoff técnico, workbook e decisões. O Scanner mobile (Expo) só é validável em device físico e não foi testado além de typecheck/build.",Consolidar os requisitos dispersos num FRD único e validar o Scanner mobile em device físico antes do lançamento.
2,PRODUTO,2.6,Critérios de aceite,formulario_original,preenchido,"Critérios de aceite existem em cinco camadas. (a) DoD editorial do GTM: “texto aprovado + assets presentes + CTA funcional + brinde funcional + CMS carregado + SEO preenchido + links testados + publicação/agendamento confirmado + evidência registrada”, sobre a cadeia de pacote “conteúdo → assets → CTA → brinde → destino → CMS → distribuição → agendamento → tracking → evidência = DONE”. (b) Critérios de lançamento de 05/09 (dez itens): páginas críticas abrem em celular e computador; todas as chamadas chegam ao destino correto; formulários recebem respostas; ofertas digitais estão cadastradas; ligações de afiliado estão identificadas; peças editoriais publicadas ou agendadas; demonstrações acessíveis; materiais para redes agendados; medição básica funcionando; não existe entrega crítica aguardando produção. (c) DoD técnico verificado: typecheck limpo, bun run check limpo, 51/51 testes vitest, 347/347 testes de governança e 3/3 checks de CI verdes por PR. (d) DoD do site/CMS: “Abrir /admin → criar artigo → escrever/colar → categorizar → inserir imagem → preencher SEO → ver palavras/parágrafos → preview → publicar, sem editar código.” (e) Critério de conclusão do ECO-02: “Artigo 1.200–1.800 palavras publicado, landing disponível, CTA editorial funcionando e cronograma D1–D14 iniciado.” Princípio de produto que rege todos: “DONE deve ser uma transição verificável, não uma sensação de conclusão.”",fato_interno,alta,TRANSVERSAL,"['DOC-C06-001', 'DOC-C08-007', 'DOC-C04-002', 'DOC-C02-017', 'DOC-C02-014', 'DOC-C07-002', 'DOC-C10-010', 'DOC-C10-018', 'DOC-C10-026']","DOC-C06-001: “Definition of Done editorial: texto aprovado + assets presentes + CTA funcional + brinde funcional + CMS carregado + SEO preenchido + links testados + publicação/agendamento confirmado + evidência registrada.” | DOC-C08-007: lista literal dos dez critérios de congelamento de 05/09. | DOC-C04-002: “bun run --filter=app test (vitest) → 51/51 passando”; “node --test tests/ondas/*.test.mjs (governança) → 347/347 passando”. | DOC-C02-017 (DEFINITION OF DONE): “Abrir /admin → criar artigo → […] → publicar, sem editar código.” | DOC-C07-002 (GP-10, decisão de produto): “DONE deve ser uma transição verificável, não uma sensação de conclusão.” | DOC-C10-010/018/026: “Concluído quando: A peça está publicada ou programada, com materiais, chamada, destino e evidência registrados.”",,
2,PRODUTO,2.7,Persona principal,formulario_original,parcial,"Não há artefato de persona (nome, cenário, objetivos, frustrações) em nenhum documento. O que existe são duas descrições de ICP em conflito — as mesmas do campo 1.2 — acrescidas de perspectivas em primeira pessoa que funcionam como matéria-prima de persona. Versão A (DOC-C05-001): “Homens, adultos, neurodivergentes, autônomos, na faixa dos 25–35 anos, recém-diagnosticados, que gerenciam múltiplos processos e projetos ao mesmo tempo […] já utilizaram e abandonaram outros aplicativos por não manterem o uso e rejeitam alta complexidade de configuração.” Versão B (DOC-C07-009, ICP-01): “profissional independente/solo brasileiro, aproximadamente 25–44 anos, multiprojeto, que perde contexto, tem dificuldade recorrente para escolher próxima ação, já tentou ferramentas de produtividade e controla/influencia a própria compra”, sem exigir diagnóstico. Persona do ECO-07 documentada em separado: “profissionais solo, autônomos e pequenos negócios com trabalho, informação, clientes e projetos dispersos”, com tabela “É para / Não é para”.",hipotese,media,ECO-01 (com persona própria em ECO-07),"['DOC-C05-001', 'DOC-C07-009', 'DOC-C12-003']","DOC-C05-001 (Corpo, linha Público): texto integral da versão A, com a perspectiva do usuário “Quero começar o dia, semana, mês de trabalho executando as tarefas sem, ao mesmo tempo, me preocupar com a ordem e controle da progressão.” | DOC-C07-009 (ICP comercial a testar): texto integral da versão B, com “Decisão ICP-01: testar comportamento e problema primeiro; diagnóstico não define o ICP comercial inicial.” | DOC-C12-003: dez perguntas do formulário de entrada do Estúdio, que operacionalizam o perfil (como trabalha hoje, principal atrito, ferramentas atuais, dificuldade de retomada, relação com papel/físico).","Falta a persona formalizada, e falta resolver o conflito de ICP (faixa etária 25–35 × 25–44, gênero, papel do diagnóstico). O artefato estaria num documento de pesquisa de usuário/persona — inexistente; e a própria decisão ICP-01 tem status DECIDED_FOR_TEST, isto é, hipótese a validar em recrutamento.","Resolver o conflito de ICP e escrever uma persona única derivada da versão vencedora; ICP-01 já prevê “recrutar ICP comportamental e medir ativação, recorrência, pagamento e retenção”."
2,PRODUTO,2.8,Jornada — Descoberta,formulario_original,parcial,"A jornada de descoberta está desenhada para os eixos editorial e de serviços, não para o app. Editorial (ECO-02): a descoberta é governada por níveis de consciência — “Não consciente → consciente do problema → consciente das soluções → consciente do método → pronto para agir” — com CTA correspondente por nível (“Baixa consciência: não empurre Produto; CTA ideal ‘Entenda o que está acontecendo’”; “Alta intenção: não empurre mais teoria; CTA ‘Experimentar Executar / conhecer Studio’”). O artigo canônico é a peça-mãe e cada peça segue a narrativa “CENA → PROBLEMA → MECANISMO → EVIDÊNCIA → MODELO → APLICAÇÃO → DEMONSTRAÇÃO → PRÓXIMO PASSO”. A campanha inaugural do ECO-02 vai de D1 (artigo + landing) a D14 (síntese + CTA editorial), com CTA “ler, explorar, assinar e baixar o Mapa de Risco Cognitivo” e o produto deliberadamente em segundo plano. Serviços (ECO-07): “Conteúdo → Showroom → Formulário visual → Encontro → Projeto”, com regra de showroom “Problema → entrada real → transformação → resultado → prova → CTA”. Porta de entrada de captação: brinde canônico BRINDE-001/GIFT-001, com cadeia “asset → capa → landing → formulário → confirmação → entrega/download → CTA → tracking → evidence”.",decisao,media,ECO-02 e ECO-07 documentadas; ECO-01 sem jornada de descoberta própria,"['DOC-C05-001', 'DOC-C02-043', 'DOC-C06-001', 'DOC-C10-029', 'DOC-C11-010', 'DOC-C12-004']","DOC-C05-001 (CTA por nível de consciência): “Baixa | não empurre Produto | CTA ideal Entenda o que está acontecendo”; “Alta intenção | não empurre Mais teoria | CTA Experimentar Executar / conhecer Studio.” | DOC-C05-001 (Showroom — regra geral): “Problema → entrada real → transformação → resultado → prova → CTA. Não faça vídeos ‘Veja meu agente incrível’.” | DOC-C02-043: “CTA inicial: ler, explorar, assinar e baixar o Mapa de Risco Cognitivo; o EXECUTAR fica para uma campanha posterior.” | DOC-C10-029: “asset → capa → landing → formulário → confirmação → entrega/download → CTA → tracking → evidence” (cadeia do brinde).","Falta a jornada de descoberta específica do app: como um usuário chega ao EXECUTAR (loja de apps, landing, indicação) não está documentado. Os eventos acquisition_source e campaign_id existem como especificação de telemetria, sem mapa de jornada correspondente.",Desenhar a jornada de descoberta do ECO-01 ligando os CTAs CH-001/CH-002 aos eventos acquisition_source e install_or_signup.
2,PRODUTO,2.9,Jornada — Ativação,formulario_original,preenchido,"A ativação está definida com precisão no ECO-01 pelo VALUE_EVENT-01: “Projeto real → contexto interpretado → próxima ação válida → ação executada → conclusão/evidência registrada”. Os eventos de telemetria que a marcam são activated_at e first_value_at. As decisões que governam os primeiros minutos: PROD-12 — “Nos primeiros segundos, mostrar estado atual, resultado necessário e próxima ação — não o projeto inteiro”; PROD-09 — “A interface deve tornar explícita uma única próxima ação principal”; PROD-08 — “Usar perguntas de auto-observação e funcionamento cotidiano; proibir triagem diagnóstica baseada em um único teste, score ou tarefa do app”; PROD-05 — reduzir densidade simultânea de informação. Tecnicamente, o app é local-first (hidrata de localStorage via chaveOrganizacao + restaurarEstado), o que remove exigência de credenciais ou servidor para o primeiro uso. ECO-07 tem ativação própria: D0 formulário visual de 5 minutos → D1 conversa + desenho da solução ao vivo → D4 protótipo funcional → D6 entrega + onboarding.",decisao,media,ECO-01 (com jornada de ativação própria em ECO-07),"['DOC-C07-009', 'DOC-C04-002', 'DOC-C05-001', 'DOC-C11-004']","DOC-C07-009 (telemetry): “value_event_01: Projeto real → contexto interpretado → próxima ação válida → ação executada → conclusão/evidência registrada”; required_events incluem “activated_at” e “first_value_at”. | DOC-C07-009 (PROD-12): “Nos primeiros segundos, mostrar estado atual, resultado necessário e próxima ação — não o projeto inteiro.” | DOC-C04-002: “App é local-first: EstadoOperacional hidrata de localStorage via chaveOrganizacao + restaurarEstado, sincroniza com servidor só opcionalmente.” | DOC-C05-001 (Jornada canônica do Studio): “D0 Formulário de 5 minutos… D6 Versão final — Entrega + onboarding.”","O VALUE_EVENT-01 está definido, mas não instrumentado: não existe nenhuma taxa de ativação medida.",Instrumentar activated_at e first_value_at e medir a taxa de conclusão do VALUE_EVENT-01 no piloto de ≥40 usuários previsto em PMF-01.
2,PRODUTO,2.10,Jornada — Uso recorrente,formulario_original,parcial,"O uso recorrente é desenhado como uso deliberadamente baixo — e isso é assumido como hipótese, não como fato. Promessa: “uso mínimo do app — cerca de 1–2 vezes por semana”; princípio: “o usuário não estrutura, organiza ou prioriza; o usuário visualiza, acompanha e administra”. O Diferencial 03 registra explicitamente que “a superioridade específica do analógico e a frequência ideal de ‘1–2 vezes por semana’ permanecem hipóteses de produto/design, não resultados empiricamente demonstrados nos documentos”. O loop operacional recorrente está demonstrado pelo Agente 007: “/bomdia → reconstruir estado → mostrar trabalho atual” e a sequência “/bomdia → /agora → execução → evidência → /fechardia → /estado → replanejamento”. Métricas de recorrência especificadas: coortes W1/W2/W4/W8, execution_cycles_per_week, last_value_event_at e renewed_at. No plano físico, o Mapa-OS existe para sustentar o trabalho fora da tela: “Seu sistema de execução não precisa viver na tela para continuar sustentando o trabalho.” ECO-07 tem recorrência contratual própria: manutenção programada em 10/20/30 dias, com expansão tratada como novo projeto.",hipotese,media,ECO-01 (com recorrência contratual própria em ECO-07),"['DOC-C05-001', 'DOC-C07-009', 'DOC-C11-006', 'DOC-C11-008']","DOC-C05-001 (Promessa principal): “Zero configuração, mínimo de personalização, uso mínimo do app — cerca de 1–2 vezes por semana — e externalização cognitiva”; (Diferencial 03): “a superioridade específica do analógico e a frequência ideal de ‘1–2 vezes por semana’ permanecem hipóteses de produto/design, não resultados empiricamente demonstrados nos documentos.” | DOC-C11-006 (Cena A): “/bomdia → reconstruir estado → mostrar trabalho atual.” | DOC-C07-009 (telemetry): “cohorts: W1, W2, W4, W8”; “execution_cycles_per_week”. | DOC-C11-008 (Mensagem): “O sistema pode sustentar o trabalho sem exigir permanência contínua na tela.”","Falta qualquer dado de retenção observada: nenhuma coorte medida, nenhuma frequência real de uso, e o próprio churn de 10/15/20% é premissa. O dado nasceria das coortes W1/W2/W4/W8 do warehouse, ainda não populadas.","Medir a frequência real de uso no piloto para confirmar ou falsear a hipótese de 1–2 vezes por semana, que hoje sustenta a promessa central do produto."
2,PRODUTO,2.11,Momento 'aha',formulario_original,parcial,"Nenhum documento usa a expressão “momento aha”. O equivalente funcional canônico é o VALUE_EVENT-01 — “Projeto real → contexto interpretado → próxima ação válida → ação executada → conclusão/evidência registrada” —, definido como o evento que caracteriza valor entregue e que governa o gate de PMF. As cenas de demonstração que materializam esse momento são: Cena A do app — “‘Tenho 30 minutos.’ Mostrar o sistema reduzindo um projeto complexo à próxima ação possível”; Cena B — “Alterar uma condição do dia e mostrar plano preservado + rota recalculada”; e o loop do Agente 007 — “/bomdia → reconstruir estado → mostrar trabalho atual”. A frase de posicionamento que descreve o momento: “Você não precisa reorganizar o projeto toda vez que o dia muda. O sistema recalcula a rota e mostra o próximo passo possível.” A mensagem correspondente é “O plano continua. A rota se adapta. Você executa.”",inferencia,media,ECO-01,"['DOC-C07-009', 'DOC-C11-004', 'DOC-C11-006', 'DOC-C05-001']",DOC-C07-009 (telemetry.value_event_01): cadeia literal de cinco etapas. | DOC-C11-004 (Cena A): “‘Tenho 30 minutos.’ Mostrar o sistema reduzindo um projeto complexo à próxima ação possível”; (Cena B): “Alterar uma condição do dia e mostrar plano preservado + rota recalculada.” | DOC-C05-001 (Frase de posicionamento 01 e Mensagem 01): “Você não precisa reorganizar o projeto toda vez que o dia muda. O sistema recalcula a rota e mostra o próximo passo possível.” / “O plano continua. A rota se adapta. Você executa.”,"Falta nomear e medir o momento aha: não há definição de qual etapa exata do VALUE_EVENT-01 produz o reconhecimento de valor, nem tempo-alvo para alcançá-lo — o endpoint time_to_next_action existe, mas sem meta.",Adotar “primeira próxima ação válida executada em menos de X minutos” como definição operacional do momento aha e fixar X após observar time_to_next_action no piloto.
2,PRODUTO,2.12,User story de referência,formulario_original,parcial,"Não existe user story em formato canônico (“Como <persona>, quero <ação>, para <benefício>”) em nenhum dos documentos lidos — a busca por “user story” e por padrões “Como … quero …” nos 214 arquivos não retorna ocorrências. O que existe são três declarações em primeira pessoa registradas como “Perspectiva do usuário” no workbook, que cumprem a mesma função. (1) Público: “Quero começar o dia, semana, mês de trabalho executando as tarefas sem, ao mesmo tempo, me preocupar com a ordem e controle da progressão.” (2) Problema: “Perco dinheiro e oportunidades por atrasos e desorganização. Quando consigo terminar aquilo que foi planejado, o custo emocional e cognitivo é tão alto que não faço mais nada. O momento de maior ansiedade e aflição são os primeiros 30 minutos iniciais, pois não sei onde estava ontem, o que devo fazer agora e como sei que terminei.” (3) Categoria: “Esse app me entende e foi desenhado para mim e organiza tudo para mim de forma confiável e com metodologias válidas.” A declaração (2) é a mais utilizável como story de referência porque nomeia gatilho (retomada), momento (primeiros 30 minutos) e as três perguntas do usuário — onde parei, o que faço agora, como sei que terminei — que mapeiam diretamente nos requisitos de contexto persistente, próxima ação e DoD verificável.",fato_interno,media,ECO-01,"['DOC-C05-001', 'DOC-C11-004']","DOC-C05-001 (Corpo, linha Problema, Perspectiva do usuário): “Perco dinheiro e oportunidades por atrasos e desorganização. […] O momento de maior ansiedade e aflição são os primeiros 30 minutos iniciais, pois não sei onde estava ontem, o que devo fazer agora e como sei que terminei.” | DOC-C05-001 (Corpo, linha Público): “Quero começar o dia, semana, mês de trabalho executando as tarefas sem, ao mesmo tempo, me preocupar com a ordem e controle da progressão.” | DOC-C11-004 (Cena A): “‘Tenho 30 minutos.’”",Falta a user story formal com critérios de aceite acoplados. O artefato estaria num backlog ou PRD — inexistentes no corpus.,"Converter a perspectiva dos “primeiros 30 minutos” em user story formal, com critérios de aceite ligados a retomada de contexto, próxima ação e DoD verificável."
2,PRODUTO,2.13,Exploração de problema (pré-PRD),enriquecido_via_plugin,preenchido,"A exploração de problema pré-PRD é a parte mais desenvolvida de toda a Área 2, e existe em quatro artefatos. (a) DATA-ADHD-PM-001 — matriz GP-01…GP-11: para cada função de gestão de projetos, mapeia capacidade exigida → vulnerabilidade associada → classe de evidência (B/C/E) → impacto operacional → compensação sistêmica → decisão de produto, com fonte clínica e científica por linha. (b) Os 28 pontos reorganizados como cadeia progressiva “fundamento → problema humano → efeito → compensação → sistema → produto → validação”. (c) Framework de 694 perguntas com cobertura analítica: 248 RAW, 116 knowledge, 161 evidence candidates, 0 strict VERIFIED, 28 vínculos diretos candidatos, 484 vínculos temáticos, 182 perguntas sem evidência — do qual derivam as 22 decisões operacionais. (d) Mapa de pesquisa e prior art do ECO-03: o que já existe, whitespace provisório, guardrail e seis strings de busca sugeridas (A a F). O corpus separa explicitamente evidência publicada de inferência, com o invariante “original ≠ extração ≠ evidência ≠ decisão”.",fato_interno,alta,TRANSVERSAL — ECO-01 e ECO-03,"['DOC-C07-010', 'DOC-C07-002', 'DOC-C07-003', 'DOC-C05-001', 'DOC-C07-009', 'DOC-C02-031', 'DOC-C01-005']","DOC-C07-010 (3P+N): “Progresso — A hipótese central é parcialmente sustentada: há convergência forte para organização, planejamento, gestão temporal, atenção sustentada e conclusão; evidência moderada para memória prospectiva, flexibilidade e metacognição”; “Next 01 Transformar a matriz abaixo em requisitos funcionais e princípios de design verificáveis.” | DOC-C07-002 e DOC-C07-003: 11 linhas GP-01…GP-11 com colunas Função de gestão · Capacidade exigida · Vulnerabilidade associada · Evidência · Impacto operacional · Compensação sistêmica · Decisão de produto/design. | DOC-C07-009 (kpis): “questions_694: 694 · candidate_direct_links: 28 · thematic_links: 484 · no_evidence: 182 · operational_decisions: 22 · strict_verified: 0.” | DOC-C02-031 (item 3, WHITESPACE PROVISÓRIO): “perfil executivo individual → demanda cognitiva da tarefa → evento provável de falha → probabilidade/impacto → controle compensatório → evidência de execução.”","182 das 694 perguntas continuam sem evidência e o gate estrito registra 0 VERIFIED — a exploração é ampla, mas nenhum vínculo está formalmente verificado.","Fechar o gate factual pelo menos das evidências que sustentam as 15 decisões PROD-01…PROD-15, hoje todas classificadas como DECISION_DERIVED_FROM_CANDIDATE_EVIDENCE."
3,ARQUITETURA & FULL STACK,3.1,Stack — Frontend,formulario_original,pendente,,,,,,,,
3,ARQUITETURA & FULL STACK,3.2,Stack — Backend,formulario_original,pendente,,,,,,,,
3,ARQUITETURA & FULL STACK,3.3,Banco de dados,formulario_original,pendente,,,,,,,,
3,ARQUITETURA & FULL STACK,3.4,Infraestrutura / hosting,formulario_original,pendente,,,,,,,,
3,ARQUITETURA & FULL STACK,3.5,Autenticação,formulario_original,pendente,,,,,,,,
3,ARQUITETURA & FULL STACK,3.6,Estrutura de repositório,formulario_original,pendente,,,,,,,,
3,ARQUITETURA & FULL STACK,3.7,Mapa de rotas principais,formulario_original,pendente,,,,,,,,
3,ARQUITETURA & FULL STACK,3.8,Decisão de arquitetura #1 (ADR),formulario_original,pendente,,,,,,,,
3,ARQUITETURA & FULL STACK,3.9,Decisão de arquitetura #2 (ADR),formulario_original,pendente,,,,,,,,
3,ARQUITETURA & FULL STACK,3.10,Trade-offs aceitos,formulario_original,pendente,,,,,,,,
3,ARQUITETURA & FULL STACK,3.11,Dívida técnica conhecida,enriquecido_via_plugin,pendente,,,,,,,,
4,IMPLEMENTAÇÃO,4.1,Modelo de dados / schema,formulario_original,pendente,,,,,,,,
4,IMPLEMENTAÇÃO,4.2,Endpoints de API principais,formulario_original,pendente,,,,,,,,
4,IMPLEMENTAÇÃO,4.3,Agentes/Tools MCP integrados,formulario_original,pendente,,,,,,,,
4,IMPLEMENTAÇÃO,4.4,Dependências núcleo (obrigatórias),formulario_original,pendente,,,,,,,,
4,IMPLEMENTAÇÃO,4.5,Dependências condicionais,formulario_original,pendente,,,,,,,,
4,IMPLEMENTAÇÃO,4.6,Política de atualização de dependências,formulario_original,pendente,,,,,,,,
4,IMPLEMENTAÇÃO,4.7,Componente frontend principal,formulario_original,pendente,,,,,,,,
4,IMPLEMENTAÇÃO,4.8,Testes automatizados,formulario_original,pendente,,,,,,,,
4,IMPLEMENTAÇÃO,4.9,Estratégia de testes,enriquecido_via_plugin,pendente,,,,,,,,
5,OPERAÇÃO (DEPLOY & ROLLBACK),5.1,Checklist pré-deploy,formulario_original,pendente,,,,,,,,
5,OPERAÇÃO (DEPLOY & ROLLBACK),5.2,Checks de saúde pós-deploy,formulario_original,pendente,,,,,,,,
5,OPERAÇÃO (DEPLOY & ROLLBACK),5.3,Gatilho de rollback — taxa de erro,formulario_original,pendente,,,,,,,,
5,OPERAÇÃO (DEPLOY & ROLLBACK),5.4,Gatilho de rollback — latência,formulario_original,pendente,,,,,,,,
5,OPERAÇÃO (DEPLOY & ROLLBACK),5.5,Gatilho de rollback — fluxo crítico,formulario_original,pendente,,,,,,,,
5,OPERAÇÃO (DEPLOY & ROLLBACK),5.6,Procedimento de rollback,formulario_original,pendente,,,,,,,,
5,OPERAÇÃO (DEPLOY & ROLLBACK),5.7,Resposta a incidentes,enriquecido_via_plugin,pendente,,,,,,,,
5,OPERAÇÃO (DEPLOY & ROLLBACK),5.8,Gestão de mudanças,enriquecido_via_plugin,pendente,,,,,,,,
6,GOVERNANÇA & SEGURANÇA,6.1,Estratégia de branch,formulario_original,pendente,,,,,,,,
6,GOVERNANÇA & SEGURANÇA,6.2,Gate humano obrigatório,formulario_original,pendente,,,,,,,,
6,GOVERNANÇA & SEGURANÇA,6.3,Armazenamento de segredos,formulario_original,pendente,,,,,,,,
6,GOVERNANÇA & SEGURANÇA,6.4,Rotação de credenciais,formulario_original,pendente,,,,,,,,
6,GOVERNANÇA & SEGURANÇA,6.5,Riscos de segurança conhecidos,formulario_original,pendente,,,,,,,,
6,GOVERNANÇA & SEGURANÇA,6.6,Escopo de autonomia do agente de AI,formulario_original,pendente,,,,,,,,
6,GOVERNANÇA & SEGURANÇA,6.7,Rastreamento de compliance,enriquecido_via_plugin,pendente,,,,,,,,
7,DOCUMENTAÇÃO FUNDACIONAL,7.1,README existe?,formulario_original,pendente,,,,,,,,
7,DOCUMENTAÇÃO FUNDACIONAL,7.2,ADRs documentados,formulario_original,pendente,,,,,,,,
7,DOCUMENTAÇÃO FUNDACIONAL,7.3,Documentação de API,formulario_original,pendente,,,,,,,,
7,DOCUMENTAÇÃO FUNDACIONAL,7.4,Guia de onboarding,formulario_original,pendente,,,,,,,,
7,DOCUMENTAÇÃO FUNDACIONAL,7.5,Catálogo de skills/ferramentas,formulario_original,pendente,,,,,,,,
7,DOCUMENTAÇÃO FUNDACIONAL,7.6,Memória de trabalho para agentes,enriquecido_via_plugin,pendente,,,,,,,,
8,GESTÃO DE PROJETOS & PMBOK,8.1,Problema/oportunidade que justifica o projeto,formulario_original,parcial,"Gap entre intenção e execução: pessoas capazes — sobretudo adultos neurodivergentes e autônomos com múltiplos projetos — perdem tempo e energia organizando, priorizando, retomando contexto, lembrando dependências e administrando ferramentas, a ponto de a própria organização virar fonte de atrito. A oportunidade é ocupar a integração ainda pouco explorada entre neurodivergência, ergonomia cognitiva, human factors e gestão de riscos aplicada à execução.",fato_interno,alta,,,§02 Problema e Mercado (Gap Intenção–Execução; Carga Executiva; Adultos Neurodivergentes) e §01 Síntese Estratégica (Integração Operacional).,O próprio §03-T1 registra que a justificativa ainda precisa ser consolidada formalmente como problema central + oportunidade de mercado em documento único.,Consolidar 8.1 em declaração formal de problema/oportunidade no Project Charter (PC-01).
8,GESTÃO DE PROJETOS & PMBOK,8.2,Sponsor / Patrocinador,formulario_original,preenchido,"Não há patrocinador formal definido neste estágio. A operação é conduzida por trabalhador solo independente, que acumula de fato a autoridade decisória.",fato_interno,alta,,,§03-T1 · 01. Justificativa e Governança · Patrocínio · 8.2.,,Registrar formalmente a autoridade decisória do owner no Project Charter (PC-01/PC-02).
8,GESTÃO DE PROJETOS & PMBOK,8.3,Critério de sucesso principal,formulario_original,parcial,"Captar clientes para a Consultoria EXECUTAR enquanto as demais linhas do ecossistema são desenvolvidas, validadas e solidificadas — a consultoria funciona como principal mecanismo de geração de caixa e de mapa de calor das necessidades reais do público.",decisao,alta,,,§03-T1 · Critério de Sucesso · 8.3 + 03. Objetivos Táticos T1 + 09. Indicadores de Sucesso · Receita.,"Falta meta numérica e prazo: quantos clientes, qual receita, até quando. O campo exige indicador objetivo com meta e prazo.","Definir meta quantitativa de clientes/receita de consultoria e a data-alvo, ancorada no roadmap set/2026–jan/2027."
8,GESTÃO DE PROJETOS & PMBOK,8.4,Decisão Go/No-Go,formulario_original,lacuna,,,,,,§03-T1 · Gate de Decisão · 8.4 registra explicitamente TBD.,"Não existem critérios objetivos definidos para continuar, corrigir, suspender ou despriorizar cada linha do ecossistema.","Definir critérios Go/No-Go por linha (app, blog, infoprodutos, físicos, consultoria, livro), ancorados no Gate de Revisão de 24/10/2026."
8,GESTÃO DE PROJETOS & PMBOK,8.5,Abordagem do projeto,formulario_original,lacuna,,,,,,§03-T1 · Modelo de Gestão · 8.5 registra TBD; restrição conhecida: operação predominantemente solo.,"Abordagem preditiva, ágil ou híbrida ainda não escolhida nem documentada.","Selecionar e documentar a abordagem (o PMBOK 8 contempla preditiva, adaptativa e híbrida — PDF Fundamentos §3.6), coerente com operação solo e baixo overhead administrativo."
8,GESTÃO DE PROJETOS & PMBOK,8.6,Relato de status,enriquecido_via_plugin,lacuna,,,,,,§03-T1 · Status Executivo · 8.6 registra TBD; §10 Pontos em Aberto · Semáforo de Status confirma.,"Não há padrão Verde/Amarelo/Vermelho com critérios objetivos de prazo, risco, bloqueio e resultado.",Formalizar regras do semáforo de status e a cadência de emissão do relato.
9,"PLANEJAMENTO ESTRATÉGICO, TÁTICO E OPERACIONAL",9.1,Objetivo estratégico (12+ meses),formulario_original,preenchido,"Tornar-se referência em Risco Cognitivo e temas relacionados por meio de um ecossistema consolidado de conteúdo, produtos, software, educação e serviços — construindo autoridade em território pouco explorado via pesquisa, publicação, aplicação prática, casos e participação de especialistas.",decisao,alta,,,§03-T1 · 02. Objetivos Estratégicos · 9.1 + Autoridade + Ecossistema.,,
9,"PLANEJAMENTO ESTRATÉGICO, TÁTICO E OPERACIONAL",9.2,Objetivo tático (trimestre/ciclo),formulario_original,preenchido,"Ciclo atual (T1): Consultoria e Capitalização — priorizar consultoria para gerar receita, aprender com clientes e construir mapa de calor das necessidades reais. Sequência tática subsequente: T2 consolidação do App SAS-EXECUTAR; T3 produtos e infoprodutos; T4 comunidade e ONG. Em paralelo: livro sobre risco cognitivo e parcerias com especialistas no blog.",inferencia,media,,,"§03-T1 · 03. Objetivos Táticos · T1–T4, Autoridade Editorial e Parcerias.","Mapeamento inferido: a base documental lista os objetivos táticos T1–T4 mas não os rotula explicitamente como o campo 9.2, nem fixa o horizonte trimestral de cada um.",Confirmar com o owner qual objetivo tático corresponde ao trimestre corrente e sua data de fechamento.
9,"PLANEJAMENTO ESTRATÉGICO, TÁTICO E OPERACIONAL",9.3,Prioridade operacional da semana,formulario_original,preenchido,"Lançar o blog, configurar as contas, definir a linha editorial e ativar o ecossistema editorial antes do lançamento público do app beta — concluir a fundação editorial e os canais de aquisição antes de avançar para o EXECUTAR beta.",decisao,alta,,,"§03-T1 · 04. Prioridade Operacional · 9.3 + Sequência Blog → App; confirmado pelo roadmap (blog 07/09/2026, app beta 14/09/2026).",,
9,"PLANEJAMENTO ESTRATÉGICO, TÁTICO E OPERACIONAL",9.4,Dependência entre horizontes,formulario_original,parcial,Cadeia material já descrita na base: Consultoria → Capitalização (caixa enquanto produtos escaláveis amadurecem); Consultoria → Necessidades (clientes geram evidência de dores recorrentes); Necessidades → App (aprendizado orienta funcionalidades do SAS-EXECUTAR); Conteúdo → Produtos (audiência sustenta distribuição e validação); Produtos → Comunidade (comunidade/ONG só após consolidação de autoridade e operação).,fato_interno,media,,,§03-T1 · 05. Dependências Estratégicas (cinco pares de dependência declarados).,"CONFLITO REGISTRADO: a linha 9.4 do §03-T1 marca ""TBD — deve ser formalizada a cadeia de dependências"", mas o mesmo bloco §05 já enumera cinco dependências materiais. Falta a formalização com predecessores, sucessores, bloqueios e gates explícitos.",Formalizar o grafo de dependências entre horizontes com gates verificáveis (resolve também MASTER-04).
9,"PLANEJAMENTO ESTRATÉGICO, TÁTICO E OPERACIONAL",9.5,Capacidade de recursos,enriquecido_via_plugin,preenchido,"Não aplicável no modelo atual: não há planejamento formal de contratação ou ampliação imediata de equipe. Restrição vigente: operação predominantemente individual, com capacidade limitada de execução simultânea e necessidade de limite de WIP para evitar dispersão.",fato_interno,alta,,,§03-T1 · 06. Recursos e Capacidade · 9.5 + Operação Solo + Limite de WIP.,,Definir o número máximo de iniciativas simultâneas (limite de WIP numérico) — hoje é diretriz qualitativa.
10,"ROADMAP, CRONOGRAMA, CICLOS E BACKLOG",10.1,Marco de médio prazo #1,formulario_original,lacuna,,,,,,§03-T1 · 07. Marcos e Roadmap · 10.1 registra TBD.,"CONFLITO REGISTRADO: 10.1 está marcado TBD, mas o §05-Cronograma traz marcos datados (blog 07/09/2026; app beta 14/09/2026; serviços 21/09/2026; infoprodutos e físicos 28/09/2026; curso 19/10/2026; Gate de Revisão 24/10/2026; manuscrito 12/12/2026; livro 10/01/2027). Falta eleger qual deles é o marco de médio prazo #1 verificável.","Eleger o marco de médio prazo #1 — candidato mais forte: Gate de Revisão de 24/10/2026, único ponto do roadmap que já é definido como decisão baseada em dados acumulados."
10,"ROADMAP, CRONOGRAMA, CICLOS E BACKLOG",10.2,Ciclo semanal atual,formulario_original,preenchido,"Ciclo Zero — dedicado à preparação, estruturação e ativação inicial do ecossistema: canais, conteúdo, contas, processos, ativos e preparação dos primeiros lançamentos.",fato_interno,alta,,,§03-T1 · 07. Marcos e Roadmap · 10.2 + 08. Modelo Operacional · Ciclo Zero.,"O formulário original oferece as opções Editorial/Desenvolvimento/Governança; ""Ciclo Zero"" é um estado anterior a essas três fases e não estava previsto na lista de opções.","Ampliar o domínio de valores de 10.2 para incluir Ciclo Zero (fundação) além de Editorial, Desenvolvimento e Governança."
10,"ROADMAP, CRONOGRAMA, CICLOS E BACKLOG",10.3,Item de backlog crítico,formulario_original,lacuna,,,,,,§03-T1 · Backlog · 10.3 registra TBD; §10 Pontos em Aberto · Item Crítico confirma.,Não foi identificado o único item cuja não execução bloqueia o próximo marco. Candidato derivável de 9.3: o lançamento do blog em 07/09/2026 (predecessor declarado do app beta).,Confirmar com o owner o item de backlog crítico único e amarrá-lo ao marco de 10.1.
10,"ROADMAP, CRONOGRAMA, CICLOS E BACKLOG",10.4,Cadência de revisão,formulario_original,preenchido,"Revisão quinzenal: a cada 15 dias estratégia, backlog e roadmap são confrontados com dados reais de execução e mercado. Responsável: o owner do projeto (operação solo).",decisao,alta,,,§03-T1 · 07. Marcos e Roadmap · 10.4 + 08. Modelo Operacional · Revisão Quinzenal.,,
10,"ROADMAP, CRONOGRAMA, CICLOS E BACKLOG",10.5,Planejamento de sprint,enriquecido_via_plugin,lacuna,,,,,,§03-T1 · Sprint · 10.5 registra TBD; §10 Pontos em Aberto · Capacidade confirma.,"Não existe mecanismo para selecionar trabalho por prioridade, dependência e capacidade real. Restrição conhecida (9.5): operação solo exige regra simples e limite de WIP.",Criar regra mínima de planejamento que limite compromissos do ciclo à capacidade real disponível.
11,"EDITORIAL, CAMPANHAS E CONTEÚDO",11.1,Linha editorial,formulario_original,pendente,,,,,,,,
11,"EDITORIAL, CAMPANHAS E CONTEÚDO",11.2,Calendário de publicação,formulario_original,pendente,,,,,,,,
11,"EDITORIAL, CAMPANHAS E CONTEÚDO",11.3,Campanha ativa,formulario_original,pendente,,,,,,,,
11,"EDITORIAL, CAMPANHAS E CONTEÚDO",11.4,Trilha de conteúdo,formulario_original,pendente,,,,,,,,
11,"EDITORIAL, CAMPANHAS E CONTEÚDO",11.5,Banco de conteúdo,enriquecido_via_plugin,pendente,,,,,,,,
11,"EDITORIAL, CAMPANHAS E CONTEÚDO",11.6,Identidade visual e voz de marca,enriquecido_via_plugin,pendente,,,,,,,,
11,"EDITORIAL, CAMPANHAS E CONTEÚDO",11.7,Design system e componentes,enriquecido_via_plugin,pendente,,,,,,,,
11,"EDITORIAL, CAMPANHAS E CONTEÚDO",11.8,Revisão de acessibilidade,enriquecido_via_plugin,pendente,,,,,,,,
11,"EDITORIAL, CAMPANHAS E CONTEÚDO",11.9,Pesquisa de usuário para conteúdo,enriquecido_via_plugin,pendente,,,,,,,,
11,"EDITORIAL, CAMPANHAS E CONTEÚDO",11.10,SEO e performance de conteúdo,enriquecido_via_plugin,pendente,,,,,,,,
12,STAKEHOLDERS,12.1,Stakeholder principal,formulario_original,pendente,,,,,,,,
12,STAKEHOLDERS,12.2,Forma de comunicação,formulario_original,pendente,,,,,,,,
12,STAKEHOLDERS,12.3,Expectativa não alinhada,formulario_original,pendente,,,,,,,,
12,STAKEHOLDERS,12.4,Estrutura organizacional,enriquecido_via_plugin,pendente,,,,,,,,
13,"RUNBOOKS, SOPS E ROTINAS",13.1,Runbook crítico #1,formulario_original,pendente,,,,,,,,
13,"RUNBOOKS, SOPS E ROTINAS",13.2,Responsável pela rotina,formulario_original,pendente,,,,,,,,
13,"RUNBOOKS, SOPS E ROTINAS",13.3,SOP documentado?,formulario_original,pendente,,,,,,,,
13,"RUNBOOKS, SOPS E ROTINAS",13.4,Otimização de processo,enriquecido_via_plugin,pendente,,,,,,,,
13,"RUNBOOKS, SOPS E ROTINAS",13.5,Cadência de briefing semanal,enriquecido_via_plugin,pendente,,,,,,,,
14,"PESQUISA, DADOS E CONHECIMENTO",14.1,Fonte de evidência principal,formulario_original,pendente,,,,,,,,
14,"PESQUISA, DADOS E CONHECIMENTO",14.2,Pesquisa/dado pendente,formulario_original,pendente,,,,,,,,
14,"PESQUISA, DADOS E CONHECIMENTO",14.3,Papel de agentes de IA no projeto,formulario_original,pendente,,,,,,,,
14,"PESQUISA, DADOS E CONHECIMENTO",14.4,Qualidade e exploração de dados,enriquecido_via_plugin,pendente,,,,,,,,
14,"PESQUISA, DADOS E CONHECIMENTO",14.5,Busca e síntese entre fontes,enriquecido_via_plugin,pendente,,,,,,,,
15,"SKILLS, PLUGINS E FERRAMENTAS",15.1,Skill/plugin principal em uso,formulario_original,pendente,,,,,,,,
15,"SKILLS, PLUGINS E FERRAMENTAS",15.2,Ferramenta de automação conectada,formulario_original,pendente,,,,,,,,
15,"SKILLS, PLUGINS E FERRAMENTAS",15.3,Lacuna de ferramenta,formulario_original,pendente,,,,,,,,
15,"SKILLS, PLUGINS E FERRAMENTAS",15.4,Customização/criação de plugin próprio,enriquecido_via_plugin,pendente,,,,,,,,
16,"PLATAFORMAS, CONTAS E IDENTIFICADORES",16.1,Plataforma principal,formulario_original,pendente,,,,,,,,
16,"PLATAFORMAS, CONTAS E IDENTIFICADORES",16.2,Link/atalho crítico,formulario_original,pendente,,,,,,,,
16,"PLATAFORMAS, CONTAS E IDENTIFICADORES",16.3,Responsável pela conta,formulario_original,pendente,,,,,,,,
16,"PLATAFORMAS, CONTAS E IDENTIFICADORES",16.4,Status de fornecedores/contratos,enriquecido_via_plugin,pendente,,,,,,,,
17,PROMPT ENGINEERING & COMANDOS,17.1,Prompt canônico principal,formulario_original,pendente,,,,,,,,
17,PROMPT ENGINEERING & COMANDOS,17.2,Comando/gatilho operacional,formulario_original,pendente,,,,,,,,
17,PROMPT ENGINEERING & COMANDOS,17.3,Regra anti-alucinação específica,formulario_original,pendente,,,,,,,,
17,PROMPT ENGINEERING & COMANDOS,17.4,Sincronização de tarefas e memória,enriquecido_via_plugin,pendente,,,,,,,,
