decisao_id,contexto,decisao,alternativas,justificativa,data,impacto,origem
DEC-ff1bcb4e65,"§03-T1 marca 9.4 como TBD, mas §05 do mesmo bloco enumera cinco dependências estratégicas materiais.",em aberto,,Formalizar o grafo em vez de tratar como ausência de dado.,2026-08-31,9.4,maestro
DEC-84b2314af2,"§03-T1 marca 10.1 como TBD, mas §05-Cronograma traz oito marcos datados entre 07/09/2026 e 10/01/2027.",em aberto,,Eleger o marco #1 — candidato: Gate de Revisão de 24/10/2026.,2026-08-31,10.1,maestro
DEC-cdcde76419,"O valor real é ""Ciclo Zero"", que não consta das opções previstas no formulário original (Editorial / Desenvolvimento / Governança).",em aberto,,Ampliar o domínio de valores do campo.,2026-08-31,10.2,maestro
DEC-bb32e9e562,OUT-33 exige 34 IDs do XLS Entrypoint; o formulário fundido tem 122 campos.,"Decisão operacional do Maestro, na ausência de instrução contrária: preencher os 122 campos do formulário fundido, que é superconjunto dos 34 IDs exigidos por OUT-33 (1.1–1.12, 8.1–8.5, 9.1–9.4, 10.1–10.4, 12.1–12.3, 14.1–14.3, 16.1–16.3). Assim nenhum ID obrigatório de OUT-33 fica de fora (OUT-69) e o excedente permanece rastreável. Reversível se o owner pedir escopo estrito.",,Decisão do owner sobre o escopo de preenchimento.,2026-08-31,escopo INS-01,maestro
DEC-760d30c732,"O cronograma de envio (dias 1–6, 31/08 a 05/09/2026) coexiste com o roadmap do projeto (07/09/2026 a 10/01/2027). São eixos distintos: preenchimento documental vs. execução do ecossistema.",em aberto,,Nenhuma — registrado para evitar leitura equivocada de conflito de datas.,2026-08-31,calendário,maestro
DEC-4270e3477c,Ha duas posicoes incompativeis sobre dimensionamento de mercado dentro do mesmo acervo.,NAO ARBITRADO — conflito preservado,"Versao A (QT-0131/132/133): TAM R$5,07 bi, SAM R$357,3 mi, SOM R$3,26 mi em 3 anos. Versao B (dashboard V3 Final): 'Contexto de mercado. Nao equivale a TAM do EXECUTAR' e 'Strict VERIFIED 0'.",Registrar formalmente que a V3 supera a estimativa herdada e marcar QT-0131/132/133 como legado nao verificado no proprio warehouse.,2026-08-31,ECO-01/SA-03B,strategic_analysis
DEC-445c3d3510,A meta herdada de 500.000 inscritos contradiz a regra vigente de nao fixar metas sem baseline.,NAO ARBITRADO — conflito preservado,QT-0135: 'Meta de inscritos 500000.0'. DOC-C02-043 (Objetivo SMART): 'Nao estabelecer ainda metas arbitrarias de seguidores ou leads sem baseline.',"Aposentar a meta de 500 mil ate a campanha D1-D14 gerar baseline de visualizacoes, retencao, inscricoes e downloads.",2026-08-31,ECO-02/SA-03D,strategic_analysis
DEC-771e78fe33,Ha tensao entre a segmentacao clinica do editorial e a segmentacao comportamental do produto.,NAO ARBITRADO — conflito preservado,Editorial (QL-0018): publico e 'adultos com TDAH'. Produto (ICP-01): 'diagnostico nao define o ICP comercial inicial'. As duas convivem no mesmo funil de lancamento de 07/09.,"Decidir e registrar como o trafego editorial (TDAH) converte para uma oferta que nao usa TDAH como criterio, evitando promessa implicita de tratamento.",2026-08-31,ECO-01/SA-04A,strategic_analysis
DEC-e8aac19797,Ha conflito registrado sobre a alocacao da receita de AdSense ao braco social.,NAO ARBITRADO — conflito preservado,"QT-0152: 'Alocacao de AdSense inicialmente cogitada 70,0% da receita'; QT-0153: 'Alocacao inicial recomendada 10,0%'; QL-0016: '70% ... e considerada incompativel com reinvestimento e consistencia operacional'.","Registrar formalmente a decisao (10%) e o motivo, para que a versao de 70% nao volte por copia de material antigo.",2026-08-31,ECO-02/SA-06A,strategic_analysis
DEC-4f498c61b9,"Ha duas arquiteturas editoriais concorrentes no acervo, com categorias diferentes.",NAO ARBITRADO — conflito preservado,"Versao A (DOC-C02-043/DOC-C01-005): territorio 'Risco Cognitivo', mais amplo que TDAH. Versao B (DOC-C10-003): 'Arquitetura editorial unica - Categoria: TDAH adulto aplicado ao trabalho, a gestao e a execucao', com tres pilares e 4E.",Decidir se sao duas publicacoes (Risco Cognitivo e Biblioteca EXECUTAR) ou uma; hoje o lancamento de 07/09 usa a Versao B e o pacote Risco Cognitivo usa a Versao A.,2026-08-31,ECO-02/SA-11A,strategic_analysis
DEC-b1f7cf8210,Ha conflito direto entre a sequencia editorial (produto por ultimo) e o GTM de 07/09 (produto e ofertas no dia um).,NAO ARBITRADO — conflito preservado,"DOC-C02-042/043: 'CTA inicial: ler, explorar, assinar e baixar... o EXECUTAR fica para uma campanha posterior'. DOC-C06-001/DOC-C08-011: lancamento em 07/09 com CTA-001 App, CTA-004 E-book, CTA-005 Curso, CTA-006 Studio, CTA-009 Office Kit e commerce em Hotmart configurado em D3.","Resolver explicitamente: ou sao dois lancamentos com marcas separadas (Risco Cognitivo editorial e EXECUTAR comercial), ou a sequencia de categoria foi abandonada e isso precisa ser registrado como decisao.",2026-08-31,ECO-01/SA-11B,strategic_analysis
DEC-b39dde0534,Ha conflito entre a demonstracao planejada com QR e a decisao tecnica que substituiu QR por reconhecimento de forma.,NAO ARBITRADO — conflito preservado,DOC-C11-008 (Cena B): 'Usar QR/atalho para sair do objeto fisico e abrir o contexto correto'. DOC-C04-002: 'PR #75 substituiu QR impresso pelos 5 simbolos administrativos reconhecidos diretamente por forma na imagem da camera'.,Atualizar o roteiro da Demonstracao 03 antes da gravacao de 02/09; gravar QR mostraria funcionalidade que nao existe mais.,2026-08-31,ECO-01/SA-12,strategic_analysis
DEC-ce0bea302c,Ha conflito sobre a extensao do artigo fundador entre dois documentos do mesmo pacote.,NAO ARBITRADO — conflito preservado,DOC-C01-004 (Execute): 'Escreva primeiro aproximadamente 2.500-3.500 palavras'. DOC-C02-043 e DOC-C02-042: 'Meta atual: 1.200-1.800 palavras e 14-18 paragrafos; a proposta anterior de cerca de 3.000 palavras foi descartada' e RC-040 registra a revisao.,Marcar DOC-C01-004 como versao superada nesse ponto especifico; sem isso o redator pode escrever o dobro do necessario.,2026-08-31,ECO-02/SA-13,strategic_analysis
DEC-1b30c7c11b,"Nao existe SAM para a linha fisica; o SAM do acervo (R$ 357,3 mi) e do projeto agregado, alem de conflitar com um segundo valor de SAM (R$ 6,0 mi) no mesmo dashboard.",NAO ARBITRADO — conflito preservado,"Dashboard QT-0132: 'SAM estimado', grupo_segmento 'Projeto Neuroexecucao Aplicada', valor_pontual 357300000.0, base_amostral 'Nao informada na imagem'; ha ainda um registro com indicador 'SAM' e valor_pontual 6000000.0 no mesmo conjunto.",Nao usar nenhum dos dois SAM antes de identificar de qual imagem cada um veio e qual base amostral sustenta cada valor.,2026-08-31,ECO-04/SA-03C,strategic_analysis
DEC-9b9b00e7e1,"A unica segmentacao explicita da linha fisica e de genero, e vem de uma peca visual, nao de documento de oferta.",NAO ARBITRADO — conflito preservado,"Referencia visual de organizacao fisica: mockup 'executar.com/kit-semanal-masculino' com titulo 'Kit Semanal Masculino', 'Organizar - Usar - Lavar' e sacos SEG a DOM; DOC-C09-008 descreve o item apenas como 'Kit de organizacao fisica | rotina por dias'.",Decidir se o kit de organizacao e neutro (rotina por dias) ou segmentado por genero; hoje a peca e o documento divergem.,2026-08-31,ECO-04/SA-04A,strategic_analysis
DEC-9277db2e69,"O destino declarado dos livros digitais e a pagina Biblioteca, cujo objetivo esta descrito como aprofundamento e nao como venda.",NAO ARBITRADO — conflito preservado,"DOC-C12-009, Biblioteca: 'Objetivo: organizar conteudo e aprofundamento. Chamada principal: CH-003 / CH-007'; o registro de chamadas define CH-003 'Explorar a biblioteca' e CH-007 'Ver o livro - ligacao de afiliado'; a chamada de livro digital e CH-004, que aponta para a Loja.",Decidir se o livro digital e vendido na Loja (CH-004) ou exposto na Biblioteca (CH-003); hoje a Biblioteca leva a afiliado e nao a produto proprio.,2026-08-31,ECO-06/SA-11A,strategic_analysis
DEC-c334794e67,A fronteira ECO-06 esta contida dentro de ECO-05 na propria arvore de pastas e na nota de visao: livros digitais sao um filho de Infoprodutos.,NAO ARBITRADO — conflito preservado,"ARVORE-DE-PASTAS.txt: '01-OFERTAS/ ... 04-INFOPRODUTOS/ 01-LIVROS-DIGITAIS/ 02-CURSO/ 03-HOTMART/'; DOC-C09-016 lista sob 'Mergulhe aqui': 'Livros digitais | Curso | Hotmart'; DOC-C09-009 lista as pastas 'Livros Digitais, Curso, Hotmart' como subpastas de Infoprodutos.","Nao arbitrar em silencio: ou ECO-06 e redefinida como sub-linha de ECO-05, ou o acervo precisa separar fisicamente o livro autoral dos e-books comerciais.",2026-08-31,ECO-06/SA-03A,strategic_analysis
DEC-af9a2bb64f,"Existem dois objetos distintos chamados livro no acervo, e apenas um deles esta na pasta de infoprodutos.",NAO ARBITRADO — conflito preservado,"Objeto A - livros digitais comerciais: DOC-C09-011 'Aplicando o TDAH Adulto | TDAH e Gestao de Riscos na Pratica | Gerenciando o TDAH Adulto 360', estado 'estruturar cadastro'. Objeto B - livro autoral de expansao intelectual: MASTER_INDEX RC-028 'artigo/manifesto v0, white paper/framework v1, aplicacao no EXECUTAR, casos/dados, artigo academico, livro/curso', prazo DEPOIS; texto 2.txt: 'white paper/livro/curso = expansao intelectual'.",Separar nominalmente as duas coisas: e-books Executar (ECO-05/06 comercial) e Livro Risco Cognitivo (ativo intelectual pos-white paper).,2026-08-31,ECO-06/SA-03A,strategic_analysis
DEC-007f04d951,"O catalogo de livros na peca visual diverge do catalogo do documento de oferta: cinco titulos versus tres, sem o titulo de gestao de riscos.",NAO ARBITRADO — conflito preservado,"DOC-C09-011 lista tres linhas: 'Aplicando o TDAH Adulto | TDAH e Gestao de Riscos na Pratica | Gerenciando o TDAH Adulto 360'. A referencia visual da biblioteca mostra cinco capas: 'Aplicando o TDAH Adulto (Adultos) | TDAH Kids (Kids) | Gerenciando o TDAH Adulto (Adultos) | Gerenciando o TDAH Kids (Familias) | Automacoes Neuroadaptadas (Automacoes)'. Em DOC-C05-001, Kids e automacoes constam como 'I4+ Kids, familias, automacoes etc. - Biblioteca futura - Roadmap'.",Refazer a peca da biblioteca com o catalogo real de lancamento ou adiar a peca; publicar cinco capas de tres livros existentes cria promessa falsa.,2026-08-31,ECO-06/SA-05,strategic_analysis
DEC-b4d383e36f,"O nome 'Gerenciando o TDAH Adulto' identifica ao mesmo tempo o curso, um e-book na capa de referencia e um e-book '360' na nota de oferta.",NAO ARBITRADO — conflito preservado,"DOC-C09-013: 'Curso - Gerenciando o TDAH Adulto'. DOC-C09-011: e-book 'Gerenciando o TDAH Adulto 360 - visao sistemica'. Referencia visual: capa com selo 'E-book' e titulo 'GERENCIANDO O TDAH ADULTO - Trabalho, foco e execucao - Projetos, clientes, processos, rotina'.",Renomear um dos dois antes do cadastro; nomes identicos em SKUs de precos diferentes quebram a escada comercial e o checkout.,2026-08-31,ECO-05/SA-12,strategic_analysis
DEC-69caa0247f,Existem duas versoes incompativeis do bundle fisico: uma composicao com Timer e organizacao a R$ 369 e outra so de papelaria a R$ 349.,NAO ARBITRADO — conflito preservado,"Versao A - DOC-C09-008 e DOC-C05-001: 'Executar Office Kit: Neurobook + Timer 45 + Organizacao + componentes de mesa/reprints selecionados'; exemplo 'Neurobook R$ 149 + Timer R$ 119 + Organizacao R$ 79 + acessorios R$ 99 = R$ 446... Se o kit for R$ 369'. Versao B - referencia visual: 'Kit TDAH Planner Reprint, R$ 349,00 ou 6x de R$ 58,17', incluindo 'Sprint Planner, Neuroagenda, Rolo de Etiquetas, Reguas de Acrilico, Reprint + QR' - sem Timer e sem saquinhos.",Escolher uma composicao e um nome unicos antes de produzir qualquer imagem publica; hoje ha dois produtos diferentes com o mesmo papel.,2026-08-31,ECO-04/SA-06B,strategic_analysis
DEC-dc2deb1024,A peca visual mostra operacao de compra completa enquanto a regra da unidade determina lancar sem operacao de compra.,NAO ARBITRADO — conflito preservado,"DOC-C09-008: 'No lancamento, priorizar pagina, lista de interesse e proposta de conjunto quando a operacao de compra ainda nao estiver pronta'. Referencia visual: botao 'ADICIONAR AO CARRINHO', carrinho com 1 item, 'ou 6x de R$ 58,17', 'Compra 100% segura', 'Frete gratis acima de R$ 199'.","Alinhar a peca a decisao: se e lista de interesse, o CTA e 'Entrar na lista' e nao 'Adicionar ao carrinho'.",2026-08-31,ECO-04/SA-13,strategic_analysis
DEC-60df93c5f0,As roupas estao explicitamente fora da primeira fase no documento e aparecem como heroi da peca visual do kit de organizacao.,NAO ARBITRADO — conflito preservado,"DOC-C05-001: 'P4 Roupas - Fora do escopo atual - As roupas mostradas no conceito visual nao entram nesta primeira fase - Nao lancar agora'. Referencia visual de organizacao fisica: mockup 'Kit Semanal Masculino' com polos, bermudas e meias ocupando metade da area principal e CTA 'COMPRAR KIT SEMANAL'.",Refazer a peca sem vestuario ou adiar a peca; ela vende exatamente o que a decisao de escopo excluiu.,2026-08-31,ECO-04/SA-11A,strategic_analysis
DEC-8aabcebfd0,"As pecas visuais mostram tres storefronts com navegacoes distintas, enquanto o plano prevê uma unica pagina Loja.",NAO ARBITRADO — conflito preservado,"DOC-C12-008 define uma pagina 'Loja' com objetivo 'produtos fisicos + infoprodutos'. As pecas mostram: 'executar.com/kit-tdah-planner-reprint' com nav 'Inicio, Produtos, Sistema, Comunidade, Sobre'; 'executar.com/kit-semanal-masculino' com nav 'KITS, SACOS, ORGANIZADORES, ACESSORIOS'; e a biblioteca com nav 'Inicio, Sobre, Biblioteca, Planos, Comunidade, Recursos'.",Congelar uma arquitetura de navegacao unica antes de produzir imagens; tres navs diferentes tornam impossivel confirmar rotas em RT-001 a RT-010.,2026-08-31,ECO-04/SA-13,strategic_analysis
DEC-a055b95fd6,"A peca da biblioteca sugere modelo de assinatura, enquanto a arquitetura comercial documentada e de compra unitaria em escada.",NAO ARBITRADO — conflito preservado,"Referencia visual da biblioteca: item de menu 'Planos', botao 'Entrar', CTA 'FACA PARTE DA BIBLIOTECA EXECUTAR' e selos 'Atualizacoes constantes' e 'Acesso em qualquer lugar e dispositivo'. DOC-C05-001 define degraus com precos unitarios (R$ 39,90, R$ 99-129, R$ 97, R$ 197) e nao menciona assinatura em nenhum ponto da arquitetura comercial.",Decidir se existe assinatura antes do lancamento; um selo de 'atualizacoes constantes' cria obrigacao de entrega recorrente nao planejada.,2026-08-31,ECO-05/SA-06A,strategic_analysis
DEC-db4136bf89,Ha duas estrategias de canal incompativeis no acervo: quatro canais de distribuicao ativos e um unico canal com playlists.,NAO ARBITRADO — conflito preservado,"Versao A - DOC-C05-001 e as notas PUB: 'DISTRIBUICAO 01 YouTube | 02 Instagram | 03 TikTok | 04 LinkedIn', com PUB-002, PUB-003 e PUB-004 criadas. Versao B - Dashboard QL-0038, subtema 'Simplificacao de canais': 'A estrategia de cinco canais e substituida por um canal principal com playlists'; acao: 'Reduzir dispersao operacional e medir consistencia por ciclo'.",Registrar qual decisao vale para 07/09; manter as duas versoes ativas garante dispersao dentro de 5h de publicacao e agenda.,2026-08-31,ECO-08/SA-13,strategic_analysis
DEC-1c6cc01a93,Blog e newsletter aparecem como canal inicial prioritario em uma fonte e como apenas dois entre oito plataformas em outra.,NAO ARBITRADO — conflito preservado,"Dashboard QL-000057: 'A equipe decidiu priorizar um blog visual-first com newsletter como canal inicial, com a hipotese de que blogs gerariam mais leads qualificados do que redes sociais dispersas para este publico'; acao: 'Concentrar recursos iniciais de marketing em conteudo de blog e newsletter antes de expandir para redes sociais'. DOC-C05-001 estrutura oito posicoes (4 owned + 4 distribuicao) sem hierarquia de fase.","Adotar a hierarquia por fase: blog e newsletter no lancamento, redes como derivado, e registrar isso na agenda mestra.",2026-08-31,ECO-08/SA-11A,strategic_analysis
DEC-7d098635c7,"A comunidade aparece como item de menu ativo e como selo de produto nas pecas visuais, mas o acervo textual a classifica como futura.",NAO ARBITRADO — conflito preservado,Ecossistema: 'OWNED 04 Executar / comunidade futura - Continuidade e aplicacao'. Pecas visuais: nav 'Comunidade' na loja do Office Kit e na biblioteca; selo 'COMUNIDADE E APOIO' na capa de 'Aplicando o TDAH Adulto'; selo 'Comunidade e apoio' entre os quatro beneficios do Kit TDAH Planner Reprint.,Remover a promessa de comunidade das pecas ou definir o que a comunidade e em 07/09; hoje ela e prometida em tres superficies e nao existe.,2026-08-31,ECO-08/SA-09B,strategic_analysis
DEC-bfe54513d9,"As duas fontes de capacidade divergem na alocacao por frente, apesar de fecharem o mesmo total de 60h.",NAO ARBITRADO — conflito preservado,"DOC-C08-008: 'Central, rotas e chamadas 12 | Ofertas e cadastros 6 | Tres pecas editoriais 15 | Demonstracoes 15 | Publicacao e agenda 5 | Teste e conferencia 7 | Total 60'. DOC-C05-001, Somatorio por Value Stream: 'Control Plane 6h | Paginas, destinos, CTAs e formularios 10h | Commerce / Hotmart / afiliados / produtos 8h | 3 Packages editoriais 15h | 3 Showrooms 9h | CMS + distribuicao 5h | QA / tracking 7h | TOTAL 60h'.",Escolher uma das duas alocacoes como oficial; commerce com 6h ou 8h muda diretamente o que cabe no D3.,2026-08-31,ECO-05/SA-07B,strategic_analysis
DEC-781750bd1c,"Existem dois planos de 14 dias sobre a mesma capacidade de 6h/dia, um do lancamento Executar e um da campanha Risco Cognitivo.",NAO ARBITRADO — conflito preservado,"DOC-C08-011 lista a fila unica de 14 dias 25/08 a 07/09 do lancamento Executar. O BMC do Risco Cognitivo (data 2026-08-28) descreve '14 dias, campanha, 18 ativos' com D1-D14 proprios. Nenhum documento reconcilia os dois calendarios.",Sequenciar as duas campanhas; 18 ativos editoriais somados a 3 pecas e 3 showrooms nao cabem em 72h.,2026-08-31,ECO-08/SA-13,strategic_analysis
