risco_id,unidade,framework,evento,causa_evidencia,documento_ids,impacto,urgencia,controle,status_evidencia
RI-4196aa2cf4,ECO-01,SA-01,Posicionar o app como diagnostico ou tratamento de TDAH pode acionar o regime de Software como Dispositivo Medico da Anvisa.,Fonte SRC-RG8-ANVISA-SAMD no dashboard: 'RDC 657/2022 - Software como Dispositivo Medico... Enquadramento SaMD depende da indicacao e funcao; software que diagnostica/trata pode entrar no regime regulatorio.',DOC-C07-009,high,high,Manter POSITION-01 e CLAIM-01 como travas de copy e submeter o texto final de lancamento a revisao juridica antes de 07/09.,fact
RI-f75dcb68ce,ECO-01,SA-01,"Coletar diagnostico de TDAH no onboarding transformaria a base em dado pessoal sensivel sob a LGPD, sem necessidade funcional.",Fonte SRC-RG8-ANPD-LGPD: 'Dado referente a saude e dado pessoal sensivel; minimizacao favorece nao coletar diagnostico quando desnecessario.' Decisao ICP-01: 'diagnostico nao define o ICP comercial inicial'.,DOC-C07-009,high,medium,"Manter diagnostico como variavel opcional pos-ativacao, com base legal e finalidade declaradas, nunca como criterio de entrada.",fact
RI-569869652a,ECO-02,SA-01,A politica de claims proibe hoje seis formulacoes clinicas no conteudo editorial e comercial.,"claims_policy.prohibited_now: 'Reduz sintomas de TDAH', 'Melhora funcao executiva clinicamente', 'Trata TDAH', 'Diagnostica ou identifica TDAH', 'Substitui terapia, tratamento ou medicacao', 'Cientificamente comprovado para TDAH'.",DOC-C07-009,high,high,Transformar a lista em checklist de QA editorial obrigatorio antes de publicar cada peca (PECA-001/002/003).,fact
RI-5b044fb03c,ECO-03,SA-01,"A APM publicou em 26/08/2026 a formulacao de que projetos tambem podem falhar cognitivamente, criando adjacencia temporal muito proxima a tese.","DOC-C02-042 (Alerta): 'Sarah Gardner... publicou na APM em 26/08/2026 a formulacao de que projetos tambem podem falhar cognitivamente, embora seu foco seja IA, julgamento e governanca'; RC-TERM-009 marca STATUS SINAL_RECENTE.",DOC-C02-042;DOC-C02-030;DOC-C02-022,high,high,Acelerar o registro publico da formulacao propria (artigo fundador datado + white paper) para preservar anterioridade documentada.,fact
RI-cd8ffd01f1,ECO-01,SA-02,Os concorrentes diretos citados sao ferramentas horizontais de produtividade com limitacoes documentadas para o publico-alvo.,"QL-000053: 'Trello... necessitando de plug-ins adicionais para rastrear progresso'; QL-000054: 'Todoist... limitado para iniciar tarefas e sem recursos de regulacao emocional'; QT-000172: '30,0% dos usuarios com TDAH consideram o Notion dificil de configurar/usar'.",DOC-C07-007;DOC-C07-009,high,high,"Ancorar o posicionamento na lacuna de iniciacao e retomada, nao em paridade de features com Notion/Trello/Todoist.",fact
RI-06a9442012,ECO-01,SA-02,Existem concorrentes com evidencia clinica ou aprovacao regulatoria que o EXECUTAR nao pode igualar hoje.,"QT-000177: 'Eficacia de app baseado em TCC (estudo aberto do app Inflow)'; QT-000178/179: 'videogame terapeutico aprovado por agencia regulatoria... p<0.0001... 72,5% melhoria na qualidade de vida (STARS-ADHD-Adult)'.",DOC-C07-007;DOC-C07-009,high,high,"Competir por eficacia funcional (time-to-next-action, resume latency), terreno onde nao ha comparador regulado, e nao por desfecho clinico.",fact
RI-44e652eb15,ECO-03,SA-02,"O framework compete com corpos metodologicos ja consolidados, e a fonte reconhece isso.","RC-TERM-007/008 classificam 'Cognitive Risk' e 'Managing Cognitive Risk' como ANTERIORIDADE; RC-012: 'PMI estrutura multiplos dominios'; RC-TERM-011/012/013 marcam ergonomia cognitiva, fatores humanos e neuroergonomia como adjacentes fortes.",DOC-C02-030;DOC-C02-022;DOC-C02-031,high,high,"Manter o guardrail de nao reivindicar o termo e posicionar a contribuicao como integracao especifica, conforme RC-030.",fact
RI-3ebf9d6364,ECO-01,SA-03A,"A categoria declarada do produto e sistema de gestao de processos, projetos, tarefas e workflows orientado a execucao.","DOC-C05-001, item 03 do index: 'Sistema de gestao de processos, projetos, tarefas e workflows, orientado a execucao, adaptado as vulnerabilidades do usuario, com uso digital minimo e integracao analogica'.",DOC-C05-001,high,medium,Usar essa definicao como texto canonico da pagina inicial em vez de 'app de produtividade'.,fact
RI-a9310b8e2d,ECO-03,SA-03A,A tese explora a fronteira entre tres mercados de conteudo hoje separados.,DOC-C01-005: 'Ha tres mercados de conteudo que normalmente ficam separados... neurodivergencia... produtividade pessoal... gestao de riscos'; a proposta e 'colocar uma ponte no meio'.,DOC-C01-005;DOC-C03-002,high,medium,"Descrever o territorio como interseccao, o que tambem explica por que nao ha benchmark direto de tamanho de mercado.",fact
RI-b7801ff903,ECO-01,SA-03B,"O material interno afirma TAM estimado de R$ 5,07 bilhoes (Brasil), sem metodologia recuperavel.","QT-0131: 'TAM estimado 5070000000.0 R$', geografia Brasil, fonte 'Documento Final Unificado: Sintese Estrategica de Neuroexecucao Aplicada', arquivo IMG_0537.HEIC, 'base amostral: Nao informada na imagem', 'Requer validacao na referencia original'.",DOC-C07-007;DOC-C07-009,high,high,"Tratar como numero herdado nao auditavel; nao usar em deck, investidor ou copy ate existir memoria de calculo.",fact
RI-54c52eff6f,ECO-01,SA-03B,Nao ha base nem metodologia identificavel para produzir um TAM defensavel do EXECUTAR neste acervo.,"Falta: universo de compradores definido, taxa de adocao, preco medio validado e fonte bibliografica ([1]-[8] ausente). O proprio dashboard adverte que 26,1 mi de trabalhadores por conta propria 'Nao equivale a TAM do EXECUTAR'.",DOC-C07-009;DOC-C07-007,high,high,"Para fechar: fixar universo (ex.: conta propria com uso de ferramenta digital), taxa de adocao observada e ARPU validado por PRICE-01; so entao calcular.",gap
RI-4270e3477c,ECO-01,SA-03B,Ha duas posicoes incompativeis sobre dimensionamento de mercado dentro do mesmo acervo.,"Versao A (QT-0131/132/133): TAM R$5,07 bi, SAM R$357,3 mi, SOM R$3,26 mi em 3 anos. Versao B (dashboard V3 Final): 'Contexto de mercado. Nao equivale a TAM do EXECUTAR' e 'Strict VERIFIED 0'.",DOC-C07-007;DOC-C07-009,high,high,Registrar formalmente que a V3 supera a estimativa herdada e marcar QT-0131/132/133 como legado nao verificado no proprio warehouse.,conflict
RI-cb025f0227,ECO-01,SA-03C,"O material interno afirma SAM de R$ 357,3 milhoes e publico potencial de 6 milhoes de pessoas, sem metodologia recuperavel.","QT-0132: 'SAM estimado 357300000.0 R$'; QT-0134: 'Publico potencial do SAM 6000000.0 pessoas'. Mesma limitacao: 'A imagem cita a referencia por numero, mas a lista bibliografica [1]-[8] nao esta no material anexado'.",DOC-C07-007;DOC-C07-009,high,high,"Recalcular SAM a partir do recorte ICP-01 (independente/solo, 25-44, multiprojeto) quando houver taxa de qualificacao observada.",fact
RI-9d2348696e,ECO-01,SA-03D,"O material interno projeta SOM de R$ 3,26 milhoes em 3 anos, com meta de 500.000 inscritos e 1% de conversao anual.","QT-0133 'SOM projetado para tres anos 3260000.0 R$'; QT-0135 'Meta de inscritos 500000.0 / 3 anos'; QT-0136 'Conversao anual projetada 1,0%'.",DOC-C07-007;DOC-C07-009,high,high,"Confrontar a meta de 500 mil inscritos com o objetivo SMART vigente, que proibe 'metas arbitrarias de seguidores ou leads sem baseline'.",fact
RI-445c3d3510,ECO-02,SA-03D,A meta herdada de 500.000 inscritos contradiz a regra vigente de nao fixar metas sem baseline.,QT-0135: 'Meta de inscritos 500000.0'. DOC-C02-043 (Objetivo SMART): 'Nao estabelecer ainda metas arbitrarias de seguidores ou leads sem baseline.',DOC-C07-007;DOC-C02-043,medium,medium,"Aposentar a meta de 500 mil ate a campanha D1-D14 gerar baseline de visualizacoes, retencao, inscricoes e downloads.",conflict
RI-d12c9d1997,ECO-01,SA-04A,"A segmentacao adotada e comportamental, nao clinica.","Decisao ICP-01: 'Iniciar testes por profissionais independentes multiprojeto, sem exigir diagnostico de TDAH'; 'O que nao e criterio de entrada: Diagnostico de TDAH'.",DOC-C07-009,high,high,"Instrumentar a captacao para medir comportamento (perda de contexto, dificuldade de proxima acao) e nao autodeclaracao de diagnostico.",fact
RI-771e78fe33,ECO-01,SA-04A,Ha tensao entre a segmentacao clinica do editorial e a segmentacao comportamental do produto.,Editorial (QL-0018): publico e 'adultos com TDAH'. Produto (ICP-01): 'diagnostico nao define o ICP comercial inicial'. As duas convivem no mesmo funil de lancamento de 07/09.,DOC-C07-007;DOC-C07-009;DOC-C12-005,high,high,"Decidir e registrar como o trafego editorial (TDAH) converte para uma oferta que nao usa TDAH como criterio, evitando promessa implicita de tratamento.",conflict
RI-a6a1ca3dc0,ECO-07,SA-04A,Nao ha definicao de segmento para os servicos alem de tres familias nao especificadas no acervo lido.,"DOC-C09-006 lista como pendencia 'tres familias de servico' e 'condicao de preco inicial'; DOC-C02-004 registra CONS-01/CONS-02 como CONCLUIDO, mas nenhum documento lido nomeia as tres familias.",DOC-C09-006;DOC-C02-004;DOC-C12-006,high,high,Recuperar ou redigir a especificacao das tres familias de servico antes de publicar PAG-002-SERVICOS.,gap
RI-2da87b0b5f,ECO-01,SA-04B,O ICP comercial a testar esta escrito de forma operacional e falseavel.,"Dashboard: 'Profissional independente/solo brasileiro, aproximadamente 25-44 anos, multiprojeto, que perde contexto, tem dificuldade recorrente para escolher proxima acao, ja tentou ferramentas de produtividade e controla/influencia a propria compra.'",DOC-C07-009,high,high,Converter cada clausula do ICP em pergunta de triagem do formulario de captacao FORM-002.,fact
RI-5230c04efc,ECO-01,SA-04B,O ICP permanece hipotese: nao ha validacao com clientes reais.,gaps[0]: 'ICP comercial - HIPOTESE FORTE / TESTAVEL - closed: false - remaining: Validacao com clientes reais'; finding ICP-HYP-01 tem epistemic_class E e status HYPOTHESIS.,DOC-C07-009,high,high,"Recrutar coorte comportamental no lancamento de 07/09 e medir ativacao, recorrencia, pagamento e renovacao (next_validation de ICP-01).",fact
RI-701387c162,ECO-02,SA-04C,O acervo formula oito enunciados de job em primeira pessoa que descrevem a distancia entre intencao e execucao.,"DOC-C01-005: 'Quero fazer, mas nao consigo iniciar. Comeco, mas nao consigo sustentar. Sei fazer, mas esqueco etapas... Entrego, mas atraves de urgencia, estresse e recuperacao posterior. Crio sistemas de produtividade, mas nao consigo mante-los.'",DOC-C01-005;DOC-C03-002,high,high,"Usar os oito enunciados como titulos-semente do calendario editorial: cada um e um artigo com vulnerabilidade, demanda, falha e controle.",fact
RI-5cd365e2ae,ECO-01,SA-04C,O job funcional central e transformar contexto em proxima acao valida e preservar o estado do trabalho.,positioning: 'Sistema de execucao para profissionais multiprojeto que transforma contexto em proxima acao e preserva o estado do trabalho'; VALUE_EVENT-01: 'Projeto real -> contexto interpretado -> proxima acao valida -> acao executada -> conclusao/evidencia registrada'.,DOC-C07-009,high,high,Instrumentar VALUE_EVENT-01 como evento unico de ativacao antes do lancamento; sem ele nao ha PMF mensuravel.,fact
RI-f9fb2714be,ECO-03,SA-04C,A matriz GP-01 a GP-11 mapeia onze jobs de gestao de projetos contra vulnerabilidades executivas e controles compensatorios.,"DOC-C07-003 traz 11 linhas com colunas Funcao / Capacidade exigida / Vulnerabilidade / Evidencia (B/C/E) / Impacto operacional / Compensacao sistemica / Decisao de produto, de 'Iniciacao e escopo' a 'Capacidade e forecasting'.",DOC-C07-003;DOC-C07-002;DOC-C07-004,high,high,"Tratar a matriz como o artefato mais reutilizavel do acervo: ela serve simultaneamente a roadmap de produto, pauta editorial e escopo do framework.",fact
RI-6e06e637d3,ECO-03,SA-04C,"O mecanismo de falha mais forte da matriz e o de execucao sustentada, classificado como evidencia B/C forte.","GP-06: 'Competicao entre estimulos + duracao -> abandono, fragmentacao ou multiplos trabalhos parcialmente abertos', evidencia 'B/C forte', compensacao 'Modo foco, WIP baixo, fila separada, captura de interrupcoes sem abandonar tarefa atual'.",DOC-C07-003;DOC-C07-002,high,medium,"Priorizar WIP baixo e fila unica como feature de lancamento, por ser a linha com a evidencia mais forte da matriz.",fact
RI-a7b1c80e86,ECO-07,SA-04C,O job do cliente de servico e declarado como sair com um sistema funcionando em sete dias.,"DOC-C09-006: 'Traga o problema. Em 7 dias, saia com um sistema funcionando'; modelo '1 cliente por semana - 1 projeto - 1 entrega principal - 7 dias'.",DOC-C09-006;DOC-C05-001,high,medium,"Manter a promessa de 7 dias como criterio de escopo: qualquer pedido que nao caiba em 7 dias vira outra oferta, nao excecao.",fact
RI-4c494a600b,ECO-01,SA-04D,Nao existe pesquisa primaria com clientes reais em nenhuma das quatro unidades.,"Dashboard: 'Strict VERIFIED 0'; gaps ICP/Preco/CAC/LTV/PMF/Eficacia todos com closed: false e remaining apontando para validacao com clientes/coorte real; a base tem 240 registros legados, sendo 142 de livro e 98 de documento interno.",DOC-C07-009;DOC-C07-007,high,high,Rodar 10-15 entrevistas com o ICP durante a campanha de lancamento; e o insumo mais barato e mais ausente do acervo.,fact
RI-3bbf8d908f,ECO-02,SA-04D,A dor moral (culpa e interpretacao de preguica) e registrada como agravante do problema funcional.,"QL-0020: 'Culpa e interpretacao de preguica agravam o problema funcional'; QL-0019: 'falha cronica de autorregulacao e funcao executiva, expressa por procrastinacao e abandono apesar de criatividade e hiperfoco'.",DOC-C07-007,high,medium,Manter o tom nao moralizante como regra editorial explicita; e o diferencial percebido mais barato de sustentar.,fact
RI-205381c560,ECO-03,SA-05,"O termo cognitive risk ja possui anterioridade publicada, e o acervo registra isso explicitamente.","RC-TERM-007 aponta o livro 'Cognitive Risk' (Bone & Lee, Routledge) e RC-TERM-008 o capitulo 'Managing Cognitive Risk' (Emerald) como STATUS ANTERIORIDADE; guardrail: 'Nao reivindicar autoria do termo'.",DOC-C02-030;DOC-C02-022,high,high,Publicar o mapa de anterioridade junto com o framework; e o que separa contribuicao defensavel de reivindicacao fragil.,fact
RI-c2c3f5ed9a,ECO-03,SA-05,"O whitespace declarado e a integracao perfil executivo -> demanda cognitiva -> falha -> probabilidade/impacto -> controle -> evidencia, aplicada a projetos e neurodivergencia.","DOC-C02-031, item 3: 'Nao foi identificado, nesta rodada, um framework consolidado que una explicitamente: perfil executivo individual -> demanda cognitiva da tarefa -> evento provavel de falha -> probabilidade/impacto -> controle compensatorio -> evidencia de execucao'.",DOC-C02-031;DOC-C02-016,high,high,Manter a formulacao literal como definicao da contribuicao; ela e especifica o bastante para ser testada e defendida.,fact
RI-67a737f0b4,ECO-03,SA-05,Tratar a ausencia de framework equivalente como prova de ineditismo e registrado como risco de credibilidade pelo proprio acervo.,"DOC-C02-031, item 4: 'Nao encontramos nao significa nao existe'; DOC-C02-039 (Riscos): 'Tratar a ausencia de um framework equivalente nas buscas como prova de ineditismo pode comprometer a credibilidade cientifica e estrategica da proposta'.",DOC-C02-031;DOC-C02-039;DOC-C02-043,high,high,"Executar a scoping review sistematica (RC-P02-VAL01, etapa 1) antes de qualquer comunicacao publica de ineditismo.",fact
RI-bc73815278,ECO-02,SA-05,A lacuna competitiva hipotetizada e que concorrentes seriam fortes em sintomas e medicacao e fracos em aplicacao pratica.,"QL-0026: 'Concorrentes seriam mais fortes em sintomas e medicacao do que em aplicacao pratica e desempenho'; recomendacao da propria fonte: 'Validar a lacuna por auditoria de conteudo e entrevistas, antes de assumir oceano azul'.",DOC-C07-007,high,medium,Fazer auditoria de 20 conteudos concorrentes classificando por Entender/Estruturar/Executar/Evoluir para confirmar ou derrubar a hipotese.,hypothesis
RI-fcfb1848da,ECO-01,SA-06A,O ecossistema declara seis fontes de receita distintas ligadas por um registro unico de CTAs.,"CTA Registry (DOC-C06-001): CTA-001 App, CTA-004 E-book, CTA-005 Curso, CTA-006 Studio (servico), CTA-007 Amazon Affiliate, CTA-009 Office Kit (fisico), alem de CTA-003 Biblioteca e CTA-008/010 captacao de lead.",DOC-C06-001;DOC-C05-001,high,high,"Antes de 07/09, marcar quais dos 10 CTAs tem destino real e quais devem ser desligados; um CTA sem destino queima trafego de lancamento.",fact
RI-e8aac19797,ECO-02,SA-06A,Ha conflito registrado sobre a alocacao da receita de AdSense ao braco social.,"QT-0152: 'Alocacao de AdSense inicialmente cogitada 70,0% da receita'; QT-0153: 'Alocacao inicial recomendada 10,0%'; QL-0016: '70% ... e considerada incompativel com reinvestimento e consistencia operacional'.",DOC-C07-007;DOC-C07-009,medium,low,"Registrar formalmente a decisao (10%) e o motivo, para que a versao de 70% nao volte por copia de material antigo.",conflict
RI-e52ff30b13,ECO-01,SA-06B,"O modelo economico do app e integralmente hipotetico: ARPU, margem e churn sao premissas, nao observacoes.","unit_economics.status: 'MODEL_HYPOTHESIS_NOT_OBSERVED'; cenarios: churn 10%/15%/20% -> LTV R$424 / R$282,77 / R$212 e CAC maximo para LTV:CAC=3 de R$141 / R$94 / R$71, com ARPU R$49,90 e margem bruta 85%.",DOC-C07-009,high,high,"Nao usar LTV de R$282,77 em nenhuma decisao de investimento; substituir por LTV_30/60/90/180/365 assim que houver coorte paga.",fact
RI-9ca36f63ce,ECO-01,SA-06B,"O guardrail de CAC e R$70 (conservador) com alerta em aproximadamente R$95, e a fonte distingue CAC de metricas intermediarias.","Decisao CAC-01 e painel: 'CAC observado = gasto atribuivel / novos clientes pagantes. CPI, CPM, clique e cadastro nao substituem CAC.'",DOC-C07-009,high,high,"Implementar os eventos de telemetria acquisition_source, campaign_id, paid_at e gross_revenue antes da primeira campanha paga.",fact
RI-3d2947cefd,ECO-01,SA-06B,"O preco e um experimento declarado, nao uma tabela: R$29,90 / R$49,90 / R$79,90 mensais e R$299 / R$499 / R$799 anuais.","research.pricing: monthly_branches_brl [29.9, 49.9, 79.9], annual_branches_brl [299, 499, 799], central_test_price_brl 49.9, status 'HYPOTHESIS_TO_TEST'; painel: 'Preco canonico ainda nao existe'.",DOC-C07-009,high,high,"Publicar apenas o ponto central R$49,90 no lancamento e reservar as pontas para teste, evitando ancoragem publica de tres precos.",fact
RI-6137dc836c,ECO-07,SA-06B,"O servico tem preco declarado de R$700 por projeto de uma semana, com capacidade de um cliente por semana.","DOC-C05-001: 'Preco: Um projeto, uma entrega, uma semana: R$ 700,00'; 'Capacidade e escassez: Limite de um cliente por semana, apresentado como diferencial do servico'.",DOC-C05-001;DOC-C09-006,high,high,Confirmar se R$700 e preco de portfolio ou preco-alvo; a pagina PAG-003-ESTUDIO nao pode ir ao ar com essa ambiguidade.,fact
RI-a96eb3ba9b,ECO-07,SA-06B,"Com R$700 por semana e um cliente por semana, o teto teorico de receita do Estudio e cerca de R$36,4 mil por ano.","Derivacao aritmetica direta de DOC-C05-001: R$700 x 52 semanas = R$36.400/ano, ignorando ferias, semanas sem cliente e os primeiros clientes atendidos sem cobranca.",DOC-C05-001,high,high,"Se o Estudio precisa ser motor de receita, o preco ou o modelo de capacidade precisa mudar; se e motor de portfolio e autoridade, declarar isso e nao cobrar meta de receita dele.",inference
RI-fe9416ac53,ECO-01,SA-06B,"O custo variavel de IA e reconhecido como evento a medir, mas nao ha nenhum valor estimado no acervo.","telemetry.required_events inclui 'variable_ai_cost', porem nenhum documento lido apresenta custo por usuario, por execucao ou por token.",DOC-C07-009,high,high,"Estimar custo variavel por usuario ativo antes de fixar R$49,90; com margem premissa de 85%, o custo de IA e a variavel que pode derrubar o modelo.",gap
RI-1c1375b700,ECO-02,SA-07A,A cadeia editorial e de derivacao 1 para N a partir de um conteudo canonico.,"DOC-C10-003: 'Artigo canonico -> imagem principal -> diagramas -> video -> cortes curtos -> carrossel/post -> chamada -> agenda'; DOC-C02-043 registra 'produzir tudo por derivacao 1->N, comecando pelo artigo mestre'.",DOC-C10-003;DOC-C02-043;DOC-C02-014,high,medium,Manter a regra de nao iniciar derivados antes do canonico estar fechado; e o que protege as 60h comprometidas do GTM.,fact
RI-382ff1b6cd,ECO-01,SA-07A,A cadeia de entrega do lancamento e definida como pacote fechado com dez elos obrigatorios.,DOC-C06-001: 'conteudo -> assets -> CTA -> brinde -> destino -> CMS -> distribuicao -> agendamento -> tracking -> evidencia = DONE'; regra de ouro: 'Nenhum output produzido pode ficar orfao'.,DOC-C06-001;DOC-C08-003,high,high,Usar a cadeia como unica definicao de pronto; 'texto terminado' ou 'video pronto' nao pode aparecer como progresso no painel.,fact
RI-c54f534ecf,ECO-07,SA-07A,"A cadeia de servico tem nove etapas em aproximadamente sete dias, do formulario ao pos-entrega.","DOC-C05-001: 'Jornada de aproximadamente sete dias, com formulario inicial, consulta extensa, desenvolvimento, prototipo, teste, refinamento, entrega, onboarding e periodo posterior para duvidas'.",DOC-C05-001;DOC-C11-010;DOC-C12-003,high,medium,Cronometrar as nove etapas no primeiro cliente real; nove etapas em sete dias e o principal risco de sobrecompromisso do Estudio.,fact
RI-34d4ae16a9,ECO-01,SA-07A,O ecossistema e desenhado como ciclo em que o proprio produto serve de showroom da capacidade de servico.,"DOC-C05-001: 'Autoridade pessoal -> Conteudo -> Produtos -> Demonstracao pratica -> Servico -> Cliente -> Caso real -> Portfolio -> Mais autoridade'; e 'o Executar nao e apenas um produto... funciona simultaneamente como produto, laboratorio, prova de competencia, showroom e principal ativo de autoridade comercial'.",DOC-C05-001,high,medium,Explorar o loop deliberadamente: cada release do app deve gerar um ativo de demonstracao reutilizavel pelo Estudio.,fact
RI-3569156506,ECO-02,SA-07A,"A infraestrutura editorial esta definida e tem criterio de aceite operacional, nao tecnico.","DOC-C02-017: 'Vercel Payload Website Starter + Next.js + Payload CMS + PostgreSQL/Neon + Vercel Blob'; DoD: 'Abrir /admin -> criar artigo -> ... -> publicar, sem editar codigo'.",DOC-C02-017;DOC-C02-043,high,high,Validar o DoD com uma publicacao de teste ponta a ponta antes do D1 editorial; sem isso a campanha de 14 dias nao pode comecar.,fact
RI-a391b30088,ECO-01,SA-07B,"A capacidade de engenharia esta comprovada por estado real de repositorio, nao por declaracao.",DOC-C04-002: 'HEAD de main: 4c8f360 (merge do PR #77)... typecheck limpo... 51/51 vitest passando... 347/347 testes de governanca... CI 3/3 checks verdes em cada um dos PRs mesclados'; handoff gerado 'a partir do estado real do repositorio (git log + GitHub API)'.,DOC-C04-002,high,medium,Usar o handoff como prova de capacidade nas pecas do Estudio; e a evidencia mais forte de competencia tecnica do acervo.,fact
RI-ae791c9190,ECO-01,SA-07B,"O diferencial declarado e arquitetural: plano estavel com rota recalculada, nao uma feature isolada.","DOC-C05-001: 'Tempo disponivel, dependencias, WIP e ciclo definem elegibilidade; Flow Score e Context Score ordenam as alternativas; Progress Points registram somente o trabalho efetivamente concluido'; 'PLAN != ROUTE / ROUTE subconjunto de PLAN'; mensagem: 'O plano continua. A rota se adapta. Voce executa.'",DOC-C05-001,high,high,Demonstrar o recalculo de rota ao vivo (Cena B da DOC-C11-004) - e a unica prova visual do diferencial que nao pode ser copiada em copy.,fact
RI-1a8ce4dc11,ECO-01,SA-07B,Existe uma capacidade rara no acervo: governanca epistemologica que separa candidato de verificado.,"DOC-C07-009, invariantes: 'original != extracao != evidencia != decisao - candidate != verified - benchmark != dado do EXECUTAR - modelo economico != unit economics observado - literatura externa != eficacia do EXECUTAR - similaridade != suporte factual'.",DOC-C07-009;DOC-C07-007,high,medium,Transformar a governanca em ativo publico (pagina de metodo): ela e um diferencial defensavel frente a concorrentes de infoproduto.,fact
RI-93840f0057,ECO-03,SA-07B,O framework CERM tem cinco componentes provisorios e uma arquitetura de sete elos.,"DOC-C02-016: arquitetura 'Perfil executivo -> demanda cognitiva -> risco de execucao -> impacto/probabilidade -> controle compensatorio -> monitoramento -> evidencia/feedback'; componentes: Cognitive Risk Profile, Cognitive Demand Map, Cognitive Risk Register, Compensating Controls, Execution Evidence.",DOC-C02-016;DOC-C02-031,high,medium,Mapear cada um dos cinco componentes contra um modulo existente do app; o que nao tiver correspondencia e a proxima especificacao de produto.,fact
RI-93acc752be,ECO-03,SA-07B,"O framework editorial de sete etapas e declarado como adaptacao da logica da ISO 31000, nao como norma.","DOC-C01-005: 'Contexto -> Identificar -> Analisar -> Avaliar -> Tratar -> Controlar -> Monitorar'; ressalva: 'seria um framework seu inspirado na ISO 31000, nao um protocolo clinico ou uma metodologia oficialmente reconhecida pela ISO'.",DOC-C01-005;DOC-C03-002,high,medium,Repetir a ressalva em toda peca que citar ISO 31000; e o ponto onde a credibilidade e mais facil de perder.,fact
RI-68577dfeed,ECO-07,SA-07B,"A capacidade do Estudio e uma pessoa, e isso e apresentado como diferencial e nao como limite.","DOC-C05-001: 'Limite de um cliente por semana, apresentado como diferencial do servico'; nenhum documento lido preve equipe, subcontratacao ou padronizacao de entrega.",DOC-C05-001;DOC-C09-006,high,high,Padronizar 3 entregaveis repetiveis (os das tres familias) para reduzir o custo marginal por cliente antes de considerar aumentar preco ou volume.,fact
RI-67777b6d59,ECO-01,SA-07B,O plano de entregaveis mostra 33 de 43 itens ainda ATIVOS as vesperas do lancamento.,"DOC-C02-004: 43 linhas, status 'ATIVO' 33 e 'CONCLUIDO' 10, distribuidas em 10 areas (APP 6, Editorial 6, GTM 5, Produtos Fisicos 5, Infoprodutos 5, Showroom 5, Dados 4, Studio 4, Freeze/Launch 2, Governanca 1).",DOC-C02-004,high,high,"Cortar escopo por area antes de cortar qualidade: com 60h comprometidas, 33 entregaveis ativos em 10 frentes e o principal risco do 07/09.",fact
RI-325caaa6fa,ECO-01,SA-08A,O cliente e definido por comportamento observavel e por um evento de valor unico.,"ICP-01 (comportamento, sem diagnostico) combinado a VALUE_EVENT-01 e aos endpoints funcionais time_to_next_action, resume_latency, completion_rate, context_reconstruction, execution_cycles_per_week e abandonment_rate.",DOC-C07-009,high,high,"Fazer do painel de ativacao o primeiro dashboard interno pos-lancamento, nao o de downloads.",fact
RI-0fc54a3c49,ECO-01,SA-08B,"A companhia e um operador unico que sustenta simultaneamente app, blog, framework, servicos, infoprodutos, produtos fisicos e afiliados.",DOC-C05-001 e DOC-C06-001 descrevem sete frentes com capacidade declarada de 6h/dia e 60h comprometidas em 12 dias; DOC-C02-004 confirma 10 areas de entregavel simultaneas.,DOC-C05-001;DOC-C06-001;DOC-C02-004,high,high,Nomear explicitamente qual unidade e prioritaria em caso de conflito de agenda; hoje o plano assume que todas cabem.,inference
RI-c30817e101,ECO-01,SA-09A,Forca: produto real em producao com governanca de evidencia e 22 decisoes operacionais documentadas.,"DOC-C04-002 comprova repositorio, CI e testes; DOC-C07-009 registra '22 decisoes operacionais: 15 produto/seguranca + 7 negocio/pesquisa'.",DOC-C04-002;DOC-C07-009,high,medium,Usar as 22 decisoes como backlog de requisitos rastreaveis; poucos concorrentes conseguem mostrar essa cadeia.,fact
RI-5ee2a9a7a8,ECO-01,SA-09B,Fraqueza: zero registros no gate estrito de verificacao e nenhum cliente pagante.,DOC-C07-009: 'Strict VERIFIED 0 - gate factual permanece preservado'; '161 evidence candidates'; 'governed_verified_links: 0'; gaps de CAC/LTV/PMF com 'remaining: Campanhas e clientes pagantes' e 'Cohort real'.,DOC-C07-009,high,high,"Aceitar que o lancamento de 07/09 e um experimento de aquisicao, nao uma operacao comercial validada, e comunicar internamente assim.",fact
RI-2e543a003f,ECO-03,SA-09C,Oportunidade: converter a matriz GP-01..GP-11 em white paper citavel antes que o campo se popule.,DOC-C02-015 preve 'White paper v1 de 15-30 paginas' e 'DOI somente apos estabilizacao'; DOC-C02-042 registra que a APM ja publicou formulacao proxima em 26/08/2026.,DOC-C02-015;DOC-C02-042;DOC-C07-003,high,high,Antecipar o white paper para logo apos a campanha editorial; a janela de anterioridade esta se fechando.,inference
RI-116f67664e,ECO-02,SA-09D,Ameaca: saturacao e desinformacao no tema podem derrubar a confianca do publico.,QL-0015: 'Conteudo superficial e desinformacao sao tratados como riscos de saturacao e perda de confianca'; QL-0013 descreve 'transicao de conscientizacao acelerada para maturacao e monetizacao do mercado'.,DOC-C07-007,high,medium,"Fazer da politica de citacao e da separacao evidencia/interpretacao um elemento visivel da marca, nao um detalhe interno.",fact
RI-e32b1d6524,ECO-01,SA-09D,Ameaca: uma unica peca de copy com claim clinico pode acionar risco regulatorio e reputacional simultaneo.,"CLAIM-01 exige 'Revisao juridica/regulatoria da copy final e auditoria de implementacao'; a lista de proibidos inclui 'Cientificamente comprovado para TDAH', e o funil de lancamento parte de conteudo sobre TDAH.",DOC-C07-009;DOC-C10-011;DOC-C10-019,high,high,"Inserir um gate de revisao de claims no fluxo de publicacao, entre 'texto aprovado' e 'CMS carregado'.",inference
RI-04927c2e2c,ECO-07,SA-09B,Fraqueza: a oferta de servico esta incompleta em quatro elementos criticos as vesperas do lancamento.,DOC-C09-006 lista como pendentes: 'pagina institucional de servicos; pagina Estudio; formulario visual inicial; tres familias de servico; condicao de preco inicial; demonstracoes de casos proprios; chamada CH-006 funcionando'.,DOC-C09-006;DOC-C12-006;DOC-C12-007,high,high,Ou fechar os sete itens ate 05/09 ou remover o Estudio do lancamento e mante-lo como lista de interesse.,fact
RI-59c6e7b354,ECO-07,SA-09C,"Oportunidade: o proprio EXECUTAR e o showroom do servico, eliminando o custo de portfolio inicial.","DOC-C05-001: 'O app Executar, o Agente 007, skills e plugins funcionam como provas visuais e como principal showroom das capacidades oferecidas'.",DOC-C05-001;DOC-C11-010,high,medium,Gravar as demonstracoes 01-04 uma unica vez e reutiliza-las como material comercial permanente do Estudio.,fact
RI-f4c1bf46da,ECO-01,SA-10A,"Nao ha base para pontuar atratividade de mercado do app: nenhum dos insumos de tamanho, crescimento ou rentabilidade esta verificado.","TAM/SAM/SOM sem metodologia (QT-0131/132/133), CAGR sem fonte resolvida (QT-0138/139), LTV e CAC apenas modelados, e 'Strict VERIFIED 0'.",DOC-C07-007;DOC-C07-009,high,medium,"Adiar qualquer scoring formal de atratividade; a decisao de continuar deve se apoiar em PMF-01, nao em tamanho de mercado.",gap
RI-eff640f8e8,ECO-03,SA-10A,"A atratividade do territorio de framework e sustentada por evidencia de problema, nao por evidencia de mercado.",DOC-C01-005: 'A evidencia disponivel sustenta claramente a existencia do problema social. O que ainda precisara ser demonstrado... e se organizar essas dificuldades atraves de um framework explicito... constitui uma abordagem util e empiricamente defensavel.',DOC-C01-005;DOC-C02-031,high,medium,Separar as duas perguntas nos relatorios internos: existencia do problema (respondida) e utilidade do framework (aberta).,fact
RI-6c7f94604d,ECO-01,SA-10B,"A capacidade de vencer se apoia em ativos verificaveis: produto operante, base de evidencia governada e matriz de decisao de design.","DOC-C04-002 (CI verde, 398 testes), DOC-C07-009 (22 decisoes, invariantes epistemicos), DOC-C07-003 (11 linhas GP com compensacao sistemica e decisao de produto).",DOC-C04-002;DOC-C07-009;DOC-C07-003,high,medium,Comunicar a cadeia evidencia -> decisao -> feature como diferencial verificavel; e o que nenhum concorrente de infoproduto pode replicar rapido.,inference
RI-1ba04e2e6d,ECO-07,SA-10B,"A capacidade de vencer no servico e limitada por capacidade humana, nao por demanda ou diferenciacao.","Um cliente por semana (DOC-C05-001), tres familias de servico ainda nao especificadas (DOC-C09-006) e nenhuma padronizacao de entrega documentada.",DOC-C05-001;DOC-C09-006,high,medium,Tratar o Estudio como gerador de casos e insumo editorial na fase 1; escalar so depois de 5 entregas com escopo repetido.,inference
RI-5df8695d19,ECO-02,SA-10B,A capacidade de vencer no editorial depende de um ativo que ainda nao existe: o site publicado.,DOC-C02-039 registra status 'fundacao editorial definida; validacao e publicacao pendentes' e AGORA = 'Confirmar dominio e reservar @riscocognitivo'; DOC-C02-043 lista 11 proximos passos comecando por dominio e repositorio.,DOC-C02-039;DOC-C02-043,high,high,"Dominio, repositorio e CMS no ar sao pre-requisitos duros; qualquer plano editorial anterior a isso e planejamento sem canal.",fact
RI-def925c68e,ECO-02,SA-11A,"A escolha declarada e ocupar um territorio editorial proprio, e nao a categoria blog de TDAH.","DOC-C02-043: 'Risco Cognitivo deixa de ser apenas um blog sobre TDAH e passa a ser um territorio editorial sobre funcoes executivas, neurodivergencia, trabalho, projetos, risco e execucao'; DOC-C01-005 reforca 'TDAH pode ser seu primeiro laboratorio'.",DOC-C02-043;DOC-C01-005,high,high,"Aplicar o teste em cada pauta: se ela so faz sentido para quem tem TDAH, ela pertence a Biblioteca EXECUTAR, nao ao Risco Cognitivo.",fact
RI-4f498c61b9,ECO-02,SA-11A,"Ha duas arquiteturas editoriais concorrentes no acervo, com categorias diferentes.","Versao A (DOC-C02-043/DOC-C01-005): territorio 'Risco Cognitivo', mais amplo que TDAH. Versao B (DOC-C10-003): 'Arquitetura editorial unica - Categoria: TDAH adulto aplicado ao trabalho, a gestao e a execucao', com tres pilares e 4E.",DOC-C02-043;DOC-C01-005;DOC-C10-003;DOC-C05-001,high,high,Decidir se sao duas publicacoes (Risco Cognitivo e Biblioteca EXECUTAR) ou uma; hoje o lancamento de 07/09 usa a Versao B e o pacote Risco Cognitivo usa a Versao A.,conflict
RI-6c08c5ef91,ECO-01,SA-11A,"A escolha de terreno do produto e execucao multiprojeto, explicitamente fora do terreno clinico.","POSITION-01: 'Posicionar o EXECUTAR como sistema de execucao para rotinas multiprojeto, nao como tratamento de TDAH'; nota: 'Neurocompativel por design pode ser explorado como linguagem de design, mas nao como claim clinico'.",DOC-C07-009,high,high,"Definir publicamente o que 'neurocompativel por design' significa em termos de design, senao o termo sera lido como claim clinico.",fact
RI-ad721f283c,ECO-03,SA-11A,"O terreno do framework e a integracao especifica, nao o termo generico.","RC-030: 'Nao reivindicar criacao do termo - a contribuicao defensavel e a sintese/aplicacao especifica'; DOC-C02-016 (GUARDRAIL): 'a contribuicao defensavel e a integracao especifica com funcoes executivas, neurodivergencia e execucao de projetos'.",DOC-C02-016;DOC-C02-042;DOC-C02-030,high,medium,Escrever a frase de contribuicao em uma unica sentenca canonica e reutiliza-la sem variacao em todos os materiais.,fact
RI-4f27ec35f3,ECO-02,SA-11B,A logica de vitoria editorial e sequencial: instalar a categoria antes de apresentar o produto.,"DOC-C02-042: 'construir primeiro a categoria intelectual Risco Cognitivo, depois validar o framework e somente entao apresentar o EXECUTAR como implementacao'; DOC-C02-043: 'O artigo nao termina vendendo EXECUTAR'.",DOC-C02-042;DOC-C02-043;DOC-C02-014,high,high,"Se essa sequencia for mantida, os CTAs comerciais (CTA-001/004/005/006) nao podem aparecer nas pecas do Risco Cognitivo.",fact
RI-b1f7cf8210,ECO-01,SA-11B,Ha conflito direto entre a sequencia editorial (produto por ultimo) e o GTM de 07/09 (produto e ofertas no dia um).,"DOC-C02-042/043: 'CTA inicial: ler, explorar, assinar e baixar... o EXECUTAR fica para uma campanha posterior'. DOC-C06-001/DOC-C08-011: lancamento em 07/09 com CTA-001 App, CTA-004 E-book, CTA-005 Curso, CTA-006 Studio, CTA-009 Office Kit e commerce em Hotmart configurado em D3.",DOC-C02-042;DOC-C02-043;DOC-C06-001;DOC-C08-011,high,high,"Resolver explicitamente: ou sao dois lancamentos com marcas separadas (Risco Cognitivo editorial e EXECUTAR comercial), ou a sequencia de categoria foi abandonada e isso precisa ser registrado como decisao.",conflict
RI-06b9e6243b,ECO-01,SA-11B,"A promessa competitiva do produto e reduzir o trabalho de operar a ferramenta, nao adicionar recursos.","DOC-C09-004: 'O aplicativo de produtividade feito para voce usar menos. O sistema sustenta a estrutura; o usuario executa'; DOC-C05-001 item 04: 'Zero configuracao, minima personalizacao, externalizacao cognitiva e reducao do tempo gasto administrando a ferramenta'.",DOC-C09-004;DOC-C05-001,high,high,Medir a promessa: tempo de setup ate o primeiro VALUE_EVENT-01 e a metrica que prova ou desmente 'zero configuracao'.,fact
RI-16651ba407,ECO-03,SA-11B,"A logica de vitoria do framework e validacao em estagios, com cada etapa condicionada a anterior.","DOC-C02-042: 'Risco Cognitivo = territorio/publicacao -> CERM = framework investigavel -> Mapa/Register = ferramenta aplicada -> EXECUTAR = implementacao -> dados/casos = evidencia -> white paper/livro/curso = expansao, mantendo cada estagio condicionado a validacao do anterior'.",DOC-C02-042;DOC-C02-031;DOC-C02-015,high,medium,Publicar a escada de maturidade como compromisso publico; ela protege contra a critica de que o framework e marketing de produto.,fact
RI-7eeaf17354,ECO-07,SA-11B,"A logica de vitoria do servico e transformacao visivel: o cliente decide por evidencia, nao por termo tecnico.","DOC-C11-010: 'Cliente entra, ve o problema compreendido e testa um prototipo... escolhe: aprovar, mudar ou perguntar... O cliente acompanha a construcao pela transformacao visivel, nao por termos tecnicos'.",DOC-C11-010;DOC-C09-006,high,medium,Fazer do prototipo no dia 2 ou 3 um compromisso contratual; e o que diferencia a oferta de uma consultoria comum.,fact
RI-60d709ee57,ECO-01,SA-12,Existem 15 decisoes de produto e seguranca derivadas de perguntas do framework de 694 itens.,"DOC-C07-009, all_decisions PROD-01 a PROD-15, cada uma com framework_question_id (FRM-0102 a FRM-0585), dominio e status 'DECISION_DERIVED_FROM_CANDIDATE_EVIDENCE'.",DOC-C07-009,high,medium,Converter PROD-01..15 diretamente em requisitos com criterio de aceite; a rastreabilidade ate a pergunta ja existe.,fact
RI-678fc5561e,ECO-01,SA-12,Requisito nuclear: a interface deve expor uma unica proxima acao principal e esconder complexidade secundaria.,"PROD-09 (FRM-0461): 'A interface deve tornar explicita uma unica proxima acao principal e esconder complexidade secundaria ate ser necessaria', confianca MEDIA-ALTA; PROD-12: 'Nos primeiros segundos, mostrar estado atual, resultado necessario e proxima acao - nao o projeto inteiro'.",DOC-C07-009;DOC-C07-003,high,high,"Usar como criterio de aceite da tela inicial; violacoes desse requisito sao regressao, nao preferencia de design.",fact
RI-6f19a73506,ECO-01,SA-12,Requisito de estado: o contexto e a posicao de execucao devem ser persistidos para que a retomada nao dependa de reconstrucao mental.,PROD-13 (FRM-0567): 'Persistir contexto e posicao de execucao para que retomadas nao dependam de reconstrucao mental do projeto'; GP-07 na matriz: 'O sistema deve ser memoria externa do estado operacional'.,DOC-C07-009;DOC-C07-003,high,high,Medir resume_latency como KPI de produto; e o endpoint que testa diretamente esse requisito.,fact
RI-43e5f80eeb,ECO-01,SA-12,"Requisito negativo: o produto deve bloquear usos como diagnostico, substituicao profissional ou inferencia clinica.","PROD-14 (FRM-0584): 'Bloquear usos do produto como diagnostico, substituicao profissional ou inferencia clinica a partir de desempenho em tarefas'; PROD-08 proibe 'triagem diagnostica baseada em um unico teste, score ou tarefa do app'.",DOC-C07-009,high,high,"Implementar como regra de produto verificavel (nenhuma tela produz score interpretavel como triagem), nao apenas como aviso legal.",fact
RI-b39dde0534,ECO-01,SA-12,Ha conflito entre a demonstracao planejada com QR e a decisao tecnica que substituiu QR por reconhecimento de forma.,DOC-C11-008 (Cena B): 'Usar QR/atalho para sair do objeto fisico e abrir o contexto correto'. DOC-C04-002: 'PR #75 substituiu QR impresso pelos 5 simbolos administrativos reconhecidos diretamente por forma na imagem da camera'.,DOC-C11-008;DOC-C04-002,medium,high,Atualizar o roteiro da Demonstracao 03 antes da gravacao de 02/09; gravar QR mostraria funcionalidade que nao existe mais.,conflict
RI-2d8f93334d,ECO-01,SA-13,"O GTM tem capacidade declarada, folga explicita e data de congelamento.","DOC-C06-001: '12 dias de producao, 10 gates G0-G9, 60h comprometidas, 12h reserva' sobre '72h potenciais'; fases: producao 25/08-05/09, buffer 06/09, lancamento 07/09.",DOC-C06-001;DOC-C08-011;DOC-C18-002,high,high,Manter as 12h de reserva intocadas; consumi-las antes de 04/09 e o indicador antecipado de que o freeze vai falhar.,fact
RI-556888ba53,ECO-01,SA-13,"A cadeia de valor do lancamento e sequencial em dez gates, do control plane ao launch.","DOC-C06-001: 'G0 Control Plane, G1 Destinos, G2 Commerce, G3 Editorial, G4 Derivados, G5 Showroom, G6 Distribuicao, G7 Tracking, G8 Freeze, G9 Launch'; regra: 'Nao: produzir tudo -> acumular -> tentar publicar tudo em 06/09'.",DOC-C06-001;DOC-C08-011,high,high,"Reportar progresso por gate, nao por percentual de tarefas; a ordem dos gates e a unica protecao contra acumulo.",fact
RI-ae148a04ef,ECO-01,SA-13,Existem dez criterios objetivos de congelamento em 05/09.,DOC-C08-007: paginas criticas abrem em celular e computador; chamadas chegam ao destino; formularios recebem; ofertas digitais cadastradas; afiliados identificados; pecas publicadas ou agendadas; demonstracoes acessiveis; redes agendadas; medicao basica funciona; nenhuma entrega critica aguardando producao.,DOC-C08-007;DOC-C16-003,high,high,"Rodar os dez criterios como checklist binario em 04/09, nao em 05/09; sobra um dia para corrigir o que falhar.",fact
RI-e0a1037018,ECO-02,SA-13,A estrategia de canais foi simplificada: blog como peca-mae e um canal principal de video com playlists.,"DOC-C05-001: 'Blog como peca-mae editorial, YouTube com videos majoritariamente verticais, reaproveitamento em Instagram e TikTok, e LinkedIn com abordagem mais tecnica'; QL-0038: 'A estrategia de cinco canais e substituida por um canal principal com playlists'.",DOC-C05-001;DOC-C07-007,high,medium,"Manter a simplificacao; com 60h comprometidas, cinco canais ativos e a forma mais rapida de estourar a capacidade.",fact
RI-2fd9b71150,ECO-02,SA-13,"A campanha inaugural do Risco Cognitivo tem escopo fechado: 14 dias, 18 ativos, CTA editorial.","DOC-C02-043: 'Nome: Antes do Projeto Existe o Risco Cognitivo. Duracao: 14 dias... Pacote: 1 artigo, 1 newsletter, 1 video principal, 3 videos curtos, 2 carrosseis, 6 posts curtos, 1 infografico, 1 checklist, 1 lead magnet e 1 landing page - 18 ativos principais'; cronograma D1-D14 detalhado em DOC-C02-039.",DOC-C02-043;DOC-C02-039;DOC-C02-014,high,high,Verificar se ha capacidade para a campanha de 14 dias imediatamente apos as 60h do GTM de 07/09; hoje os dois planos nao se conversam.,fact
RI-ce0bea302c,ECO-02,SA-13,Ha conflito sobre a extensao do artigo fundador entre dois documentos do mesmo pacote.,DOC-C01-004 (Execute): 'Escreva primeiro aproximadamente 2.500-3.500 palavras'. DOC-C02-043 e DOC-C02-042: 'Meta atual: 1.200-1.800 palavras e 14-18 paragrafos; a proposta anterior de cerca de 3.000 palavras foi descartada' e RC-040 registra a revisao.,DOC-C01-004;DOC-C02-043;DOC-C02-042;DOC-C02-014,medium,high,Marcar DOC-C01-004 como versao superada nesse ponto especifico; sem isso o redator pode escrever o dobro do necessario.,conflict
RI-6652257a91,ECO-01,SA-13,O CTA Registry com dez destinos e requisito previo a producao de qualquer peca.,DOC-C06-001: 'CTA Registry - obrigatorio antes de produzir. Assim nenhuma peca termina com adicionar CTA depois'; DOC-C02-004 registra SAS-44/CTAREG-01 com DoD '10 CTAs com destino e oferta definidos e publicados no registry'.,DOC-C06-001;DOC-C02-004;DOC-C08-003,high,high,Auditar os 10 CTAs contra destinos reais; DOC-C10-008 mostra chamada e destino ainda como [PREENCHER] nas pecas.,fact
RI-6c3a67198f,ECO-02,SA-13,"As pecas editoriais estao com chamada, destino e brinde por preencher, e a agenda mestra esta vazia.",DOC-C10-008: 'chamada principal: [PREENCHER] - destino: [PREENCHER] - brinde: [PREENCHER ou NAO SE APLICA]'; DOC-C14-007: todas as linhas da agenda mestra com Data 'preencher' e Estado 'planejar'.,DOC-C10-008;DOC-C14-007;DOC-C10-011,high,high,Preencher CTA e destino antes de escrever texto; a propria regra do GTM exige destino antes de producao (gate G1 antes de G3).,fact
RI-ec46198819,ECO-01,SA-13,"O brinde canonico ainda e uma decisao pendente, e ele e dependencia de tres pecas editoriais.","DOC-C10-029: 'Decisao pendente - Definir um unico brinde reutilizavel no lancamento'; DOC-C06-001: 'GIFT-001 e uma cadeia propria: asset -> capa -> landing -> formulario -> confirmacao -> entrega/download -> CTA -> tracking -> evidence. Se o artigo depende do GIFT-001, ele nao esta DONE enquanto essa cadeia nao funcionar'.",DOC-C10-029;DOC-C06-001;DOC-C10-011;DOC-C10-019;DOC-C10-027,high,high,Decidir o brinde unico imediatamente ou declarar as tres pecas como 'sem brinde'; e o bloqueio de maior alcance do lancamento.,fact
RI-e9c9dc1f89,ECO-01,SA-13,O dia do lancamento tem escopo negativo explicito: nada de producao em 07/09.,"DOC-C06-001: 'E: Ativar, Conferir, Observar, Responder, Registrar. Nao e: Editar landing, Terminar video, Produzir post, Cadastrar produto. Se isso estiver acontecendo em 07/09, o Freeze falhou'; DOC-C15-021 marca horas_planejadas 0.",DOC-C06-001;DOC-C15-021,high,medium,Usar a lista negativa como criterio de retrospectiva do lancamento; ela ja define o que contara como falha.,fact
RI-9539e0f616,ECO-07,SA-13,"O GTM do servico se resume a uma pagina, um formulario e uma chamada CH-006 ainda nao funcional.",DOC-C12-006 e DOC-C12-007 tem situacao 'verificar' e chamada principal CH-006; DOC-C09-006 lista 'chamada CH-006 funcionando' como pendencia; DOC-C12-003 define o formulario mas com situacao 'configurar'.,DOC-C12-006;DOC-C12-007;DOC-C12-003;DOC-C09-006,high,high,"Um servico de R$700 com aquisicao 100% inbound por uma pagina precisa de prova social; sem casos, priorizar lista de interesse em vez de venda direta.",fact
RI-967b5e383d,ECO-01,SA-08C,"O acervo ja possui benchmark competitivo explicito por ferramenta e por eficacia, ainda que com forca de evidencia desigual.","Ferramentas: QT-000172 (Notion 30% dificil de configurar), QL-000053 (Trello sem estrutura nativa), QL-000054 (Todoist limitado para iniciar). Eficacia: QT-000177 (Inflow, estudo aberto), QT-000178/179 (videogame terapeutico aprovado, STARS-ADHD-Adult).",DOC-C07-007;DOC-C07-009,high,medium,Consolidar num quadro unico de 5 concorrentes com eixo 'estrutura x iniciacao x retomada'; o insumo ja existe e nunca foi tabulado.,fact
RI-d6746942f2,ECO-02,SA-08A,"O leitor-alvo do editorial e definido pelo reconhecimento do problema, nao pelo interesse em produtividade.",DOC-C01-005 troca a pergunta editorial de 'Como ser mais produtivo sendo neurodivergente?' por 'O que pode dar errado entre aquilo que voce pretende fazer e aquilo que efetivamente consegue realizar - e como reduzir esse risco?'.,DOC-C01-005;DOC-C03-002;DOC-C02-043,high,medium,"Usar a segunda pergunta como teste de titulo: se o titulo respondesse a primeira pergunta, ele pertence a outra publicacao.",fact
RI-4d431fd210,ECO-03,SA-09A,Forca: a matriz Gestao de Projetos x TDAH separa nivel de evidencia (B/C) de inferencia de produto (E) linha a linha.,"DOC-C07-002 traz legenda explicita: 'B/C evidencia cientifica/clinica - C sustentacao clinica/publicada - E inferencia ou decisao de produto', e cada uma das 11 linhas carrega sua classificacao e sua fonte (NIMH, PubMed, Springer).",DOC-C07-002;DOC-C07-003;DOC-C07-004,high,medium,Publicar a matriz como peca de autoridade: ela demonstra o metodo epistemico melhor do que qualquer texto sobre o metodo.,fact
