framework,dimension,entity,business_model,channel,claim,evidence,evidence_record_ids,evidence_strength,confidence,status,impact,urgency,recommendation
SA-01,legal_regulatory,ECO-01,software,app,Posicionar o app como diagnostico ou tratamento de TDAH pode acionar o regime de Software como Dispositivo Medico da Anvisa.,Fonte SRC-RG8-ANVISA-SAMD no dashboard: 'RDC 657/2022 - Software como Dispositivo Medico... Enquadramento SaMD depende da indicacao e funcao; software que diagnostica/trata pode entrar no regime regulatorio.',DOC-C07-009,strong,0.9,fact,high,high,Manter POSITION-01 e CLAIM-01 como travas de copy e submeter o texto final de lancamento a revisao juridica antes de 07/09.
SA-01,legal_regulatory,ECO-01,software,app,"Coletar diagnostico de TDAH no onboarding transformaria a base em dado pessoal sensivel sob a LGPD, sem necessidade funcional.",Fonte SRC-RG8-ANPD-LGPD: 'Dado referente a saude e dado pessoal sensivel; minimizacao favorece nao coletar diagnostico quando desnecessario.' Decisao ICP-01: 'diagnostico nao define o ICP comercial inicial'.,DOC-C07-009,strong,0.9,fact,high,medium,"Manter diagnostico como variavel opcional pos-ativacao, com base legal e finalidade declaradas, nunca como criterio de entrada."
SA-01,legal_regulatory,ECO-02,content_community,owned_web,A politica de claims proibe hoje seis formulacoes clinicas no conteudo editorial e comercial.,"claims_policy.prohibited_now: 'Reduz sintomas de TDAH', 'Melhora funcao executiva clinicamente', 'Trata TDAH', 'Diagnostica ou identifica TDAH', 'Substitui terapia, tratamento ou medicacao', 'Cientificamente comprovado para TDAH'.",DOC-C07-009,strong,0.9,fact,high,high,Transformar a lista em checklist de QA editorial obrigatorio antes de publicar cada peca (PECA-001/002/003).
SA-01,ethical,ECO-03,digital_product,,Qualquer estudo proprio de eficacia com participantes humanos fica sujeito a Resolucao CNS 466/2012.,"Fonte SRC-RG8-CNS-466: 'Resolucao CNS 466/2012'; decisao EFFICACY-01 exige 'protocolo proprio, diagnostico confirmado, instrumento validado, comparador e revisao etica aplicavel'.",DOC-C07-009;DOC-C02-015,strong,0.85,fact,medium,medium,"Separar o piloto exploratorio de 10-20 participantes (validacao de framework) de um eventual estudo clinico, que exigira CEP/CONEP."
SA-01,social,ECO-01,software,app,"O Brasil tinha 26,1 milhoes de trabalhadores por conta propria em 2025, contexto do ICP de profissionais independentes.","Finding BRA-MKT-01, fonte SRC-RG8-IBGE-SELFEMPLOYED-2025 (PNAD Continua): '26,1 milhoes de trabalhadores por conta propria em 2025'. Uso declarado: 'Contexto de mercado; nao equivale a TAM do EXECUTAR.'",DOC-C07-009,strong,0.9,fact,medium,low,Usar como contexto de mercado; nao converter em TAM sem taxa de adocao e disposicao a pagar observadas.
SA-01,technological,ECO-01,software,app,"O acesso a internet no Brasil e majoritariamente movel, sustentando arquitetura mobile-first.","Finding BRA-MOBILE-01 (IBGE 2025): '90,5% da populacao de 10+ usava internet e 98,7% dos usuarios acessavam por celular'. Uso: 'Sustenta estrategia mobile-first; nao prova preferencia especifica do ICP.'",DOC-C07-009,strong,0.85,fact,medium,medium,Manter o teste de rota em celular como criterio de aceite das paginas (ja previsto em PAG-001/002/003).
SA-01,economic,ECO-03,digital_product,,"Ha estimativas internacionais de carga economica excedente associada ao TDAH adulto que sustentam o problema, mas nao sao perda individual.","RC-003: 'US$ 14.092 de custo excedente por adulto/ano'; RC-004: 'EUR 15.652 por adulto diagnosticado/ano'; guardrail: 'valor e carga economica/social media, nao perda literal individual'.",DOC-C02-021;DOC-C02-032;DOC-C02-043,strong,0.85,fact,medium,medium,Usar como lastro do problema no artigo fundador sempre com a ressalva metodologica ja escrita na propria fonte.
SA-01,social,ECO-02,content_community,owned_web,"Evidencia brasileira populacional associa rastreio positivo de TDAH a maior desemprego, com n=2.297 e 4,59% de rastreio positivo.","RC-SRC-004 (Mattos et al., 2024, J Atten Disord): 'n=2.297; 4,59% de TDAH sintomatico (IC95% 3,56-5,44)'; limitacao registrada: 'ASRS-6 e screener; nao apresentar 4,59% como prevalencia diagnostica nacional'.",DOC-C02-032;DOC-C02-021,strong,0.9,fact,medium,medium,Citar como principal evidencia brasileira e reproduzir a limitacao no proprio corpo do artigo.
SA-01,social,ECO-02,content_community,owned_web,"Amostra brasileira de empreendedores mostrou 27,4% com rastreio positivo, sem associacao significativa com lucro.","RC-006: 'Em amostra selecionada de 259 empreendedores, 71 (27,4%) preencheram criterios'; DOC-C02-042: 'maior risk-taking, menor proatividade e nenhuma associacao significativa com lucro'; guardrail: nao generalizar.",DOC-C02-021;DOC-C02-042;DOC-C02-032,moderate,0.8,fact,medium,low,"Usar no eixo empreendedorismo/trabalho autonomo apenas como sinal, nunca como prevalencia do segmento."
SA-01,social,ECO-02,content_community,owned_web,"Ha evidencia internacional citada de 17,4% de demissoes em adultos com TDAH contra 3,7% em controles.","RC-007: 'Estudo internacional citado reportou 17,4% de demissao em adultos com TDAH'; nota: 'A diferenca e aproximadamente 4,7 vezes, mas nao e dado brasileiro'.",DOC-C02-021;DOC-C02-043,moderate,0.75,fact,medium,low,Rotular explicitamente como dado internacional ao usar em peca brasileira.
SA-01,competitive_political,ECO-03,digital_product,,"A APM publicou em 26/08/2026 a formulacao de que projetos tambem podem falhar cognitivamente, criando adjacencia temporal muito proxima a tese.","DOC-C02-042 (Alerta): 'Sarah Gardner... publicou na APM em 26/08/2026 a formulacao de que projetos tambem podem falhar cognitivamente, embora seu foco seja IA, julgamento e governanca'; RC-TERM-009 marca STATUS SINAL_RECENTE.",DOC-C02-042;DOC-C02-030;DOC-C02-022,strong,0.85,fact,high,high,Acelerar o registro publico da formulacao propria (artigo fundador datado + white paper) para preservar anterioridade documentada.
SA-01,economic,ECO-02,content_community,owned_web,"O material interno cita R$ 3.498 como custo de avaliacao neuropsicologica, tratado como barreira economica de acesso ao diagnostico.","QT-0143: 'Custo citado de avaliacao neuropsicologica: 3498.0 R$'; observacao da propria fonte: 'A imagem cita a referencia por numero, mas a lista bibliografica [1]-[8] nao esta no material anexado'.",DOC-C07-007;DOC-C07-009,weak,0.45,fact,low,low,Nao publicar esse numero antes de recuperar a referencia primaria [6]; hoje ele e transcricao de imagem sem fonte resolvida.
SA-01,environmental,ECO-01,software,,Nao ha analise PESTEL formal por unidade no acervo; os fatores existem dispersos em fontes de evidencia e decisao.,Nenhum documento lido apresenta secao PESTEL; os fatores regulatorios estao no dashboard de sintese e os sociais/economicos nas bases de evidencia.,DOC-C07-009;DOC-C02-032,none,0.6,gap,low,low,"Consolidar um PESTEL de uma pagina por unidade a partir das fontes ja catalogadas, sem pesquisa nova."
SA-02,rivalry,ECO-01,software,app,Os concorrentes diretos citados sao ferramentas horizontais de produtividade com limitacoes documentadas para o publico-alvo.,"QL-000053: 'Trello... necessitando de plug-ins adicionais para rastrear progresso'; QL-000054: 'Todoist... limitado para iniciar tarefas e sem recursos de regulacao emocional'; QT-000172: '30,0% dos usuarios com TDAH consideram o Notion dificil de configurar/usar'.",DOC-C07-007;DOC-C07-009,moderate,0.7,fact,high,high,"Ancorar o posicionamento na lacuna de iniciacao e retomada, nao em paridade de features com Notion/Trello/Todoist."
SA-02,rivalry,ECO-01,software,app,Existem concorrentes com evidencia clinica ou aprovacao regulatoria que o EXECUTAR nao pode igualar hoje.,"QT-000177: 'Eficacia de app baseado em TCC (estudo aberto do app Inflow)'; QT-000178/179: 'videogame terapeutico aprovado por agencia regulatoria... p<0.0001... 72,5% melhoria na qualidade de vida (STARS-ADHD-Adult)'.",DOC-C07-007;DOC-C07-009,moderate,0.75,fact,high,high,"Competir por eficacia funcional (time-to-next-action, resume latency), terreno onde nao ha comparador regulado, e nao por desfecho clinico."
SA-02,supplier_power,ECO-01,software,app,A operacao depende de fornecedores externos criticos cuja falha bloqueia o lancamento.,"DOC-C06-001 lista dependencias externas Amazon e Hotmart iniciadas em D1 e reserva de 12h para 'problema de CMS/Hotmart, formulario, link'; DOC-C02-017 fixa Vercel + Payload + PostgreSQL/Neon + Vercel Blob.",DOC-C06-001;DOC-C02-017,moderate,0.65,inference,medium,medium,"Registrar Amazon Associados, Hotmart, Vercel e Neon como riscos de fornecedor com plano B explicito no mapa de dependencias."
SA-02,buyer_power,ECO-01,software,app,"O ICP escolhido controla ou influencia a propria compra, o que elimina ciclo de aprovacao mas expoe a decisao a preco.","ICP comercial no dashboard: 'Profissional independente/solo brasileiro... e controla/influencia a propria compra'; faixa de teste R$29,90/49,90/79,90 com 'preco canonico ainda nao existe'.",DOC-C07-009,strong,0.8,fact,medium,medium,Rodar PRICE-01 como experimento com coorte real antes de fixar preco de tabela na pagina de lancamento.
SA-02,substitutes,ECO-01,software,app,O substituto mais provavel e o sistema analogico ou improvisado que o proprio usuario ja mantem.,DOC-C05-001 descreve a categoria como sistema 'com uso digital minimo e integracao analogica' e DOC-C11-008 mostra 'o mesmo projeto no digital e no material fisico'; QL-0022 registra necessidade de 'externalizacao de funcoes executivas'.,DOC-C05-001;DOC-C11-008;DOC-C07-007,moderate,0.6,inference,medium,low,Tratar papel/Mapa-OS como complemento monetizavel (produto fisico) em vez de concorrente a ser combatido.
SA-02,new_entrants,ECO-01,software,,Nao ha no acervo qualquer analise de barreiras a entrada para a categoria do app.,"Nenhum dos documentos lidos discute custo de entrada, efeitos de rede ou defensabilidade tecnica frente a novos entrantes.",,none,0.6,gap,medium,low,"Definir explicitamente qual e o ativo defensavel (base de evidencias governada, motor de rota ou dados de execucao) antes do lancamento comercial."
SA-02,rivalry,ECO-02,content_community,owned_web,O setor de conteudo sobre TDAH e descrito como segmentado em quatro categorias competitivas.,"QL-0017: 'O setor e segmentado em midia/autoridade medica, infoprodutores, comercio eletronico de nicho e instituicoes/clinicas.'",DOC-C07-007;DOC-C07-009,moderate,0.7,fact,medium,medium,Escolher explicitamente contra qual categoria o Risco Cognitivo compete; hoje o material sugere uma quinta posicao (autor-investigador) nao mapeada.
SA-02,rivalry,ECO-03,digital_product,,"O framework compete com corpos metodologicos ja consolidados, e a fonte reconhece isso.","RC-TERM-007/008 classificam 'Cognitive Risk' e 'Managing Cognitive Risk' como ANTERIORIDADE; RC-012: 'PMI estrutura multiplos dominios'; RC-TERM-011/012/013 marcam ergonomia cognitiva, fatores humanos e neuroergonomia como adjacentes fortes.",DOC-C02-030;DOC-C02-022;DOC-C02-031,strong,0.85,fact,high,high,"Manter o guardrail de nao reivindicar o termo e posicionar a contribuicao como integracao especifica, conforme RC-030."
SA-02,rivalry,ECO-07,professional_service,direct_sales,Nao ha mapeamento de concorrentes para o Estudio no acervo lido.,"DOC-C09-006, DOC-C12-006 e DOC-C12-007 definem oferta, pagina e formulario, mas nenhum documento nomeia concorrentes de automacao/consultoria.",DOC-C09-006;DOC-C12-006;DOC-C12-007,none,0.7,gap,medium,medium,Levantar 5 comparaveis de consultoria de automacao no Brasil antes de fixar o preco de R$700 como diferencial.
SA-03A,category_definition,ECO-01,software,app,"A categoria declarada do produto e sistema de gestao de processos, projetos, tarefas e workflows orientado a execucao.","DOC-C05-001, item 03 do index: 'Sistema de gestao de processos, projetos, tarefas e workflows, orientado a execucao, adaptado as vulnerabilidades do usuario, com uso digital minimo e integracao analogica'.",DOC-C05-001,strong,0.9,fact,high,medium,Usar essa definicao como texto canonico da pagina inicial em vez de 'app de produtividade'.
SA-03A,market_boundaries,ECO-03,digital_product,,A tese explora a fronteira entre tres mercados de conteudo hoje separados.,DOC-C01-005: 'Ha tres mercados de conteudo que normalmente ficam separados... neurodivergencia... produtividade pessoal... gestao de riscos'; a proposta e 'colocar uma ponte no meio'.,DOC-C01-005;DOC-C03-002,strong,0.85,fact,high,medium,"Descrever o territorio como interseccao, o que tambem explica por que nao ha benchmark direto de tamanho de mercado."
SA-03A,growth,ECO-02,content_community,owned_web,O material interno registra crescimento de 576% em buscas por TDAH em 5 anos e CAGR de 25-30% (2022-2025) caindo para 10-12% (2025-2030).,"QT-0137 '576,0% / 5 anos'; QT-0138 '25,0-30,0% ao ano / 2022-2025'; QT-0139 '10,0-12,0% ao ano / 2025-2030'. Todos com 'base amostral: Nao informada na imagem' e 'Requer validacao na referencia original'.",DOC-C07-007;DOC-C07-009,weak,0.45,fact,medium,medium,Nao publicar esses numeros; recuperar a referencia [4] ou substituir por serie primaria antes de qualquer uso externo.
SA-03B,tam,ECO-01,software,,"O material interno afirma TAM estimado de R$ 5,07 bilhoes (Brasil), sem metodologia recuperavel.","QT-0131: 'TAM estimado 5070000000.0 R$', geografia Brasil, fonte 'Documento Final Unificado: Sintese Estrategica de Neuroexecucao Aplicada', arquivo IMG_0537.HEIC, 'base amostral: Nao informada na imagem', 'Requer validacao na referencia original'.",DOC-C07-007;DOC-C07-009,weak,0.35,fact,high,high,"Tratar como numero herdado nao auditavel; nao usar em deck, investidor ou copy ate existir memoria de calculo."
SA-03B,tam_methodology,ECO-01,software,,Nao ha base nem metodologia identificavel para produzir um TAM defensavel do EXECUTAR neste acervo.,"Falta: universo de compradores definido, taxa de adocao, preco medio validado e fonte bibliografica ([1]-[8] ausente). O proprio dashboard adverte que 26,1 mi de trabalhadores por conta propria 'Nao equivale a TAM do EXECUTAR'.",DOC-C07-009;DOC-C07-007,none,0.85,gap,high,high,"Para fechar: fixar universo (ex.: conta propria com uso de ferramenta digital), taxa de adocao observada e ARPU validado por PRICE-01; so entao calcular."
SA-03B,tam_conflict,ECO-01,software,,Ha duas posicoes incompativeis sobre dimensionamento de mercado dentro do mesmo acervo.,"Versao A (QT-0131/132/133): TAM R$5,07 bi, SAM R$357,3 mi, SOM R$3,26 mi em 3 anos. Versao B (dashboard V3 Final): 'Contexto de mercado. Nao equivale a TAM do EXECUTAR' e 'Strict VERIFIED 0'.",DOC-C07-007;DOC-C07-009,moderate,0.85,conflict,high,high,Registrar formalmente que a V3 supera a estimativa herdada e marcar QT-0131/132/133 como legado nao verificado no proprio warehouse.
SA-03C,sam,ECO-01,software,,"O material interno afirma SAM de R$ 357,3 milhoes e publico potencial de 6 milhoes de pessoas, sem metodologia recuperavel.","QT-0132: 'SAM estimado 357300000.0 R$'; QT-0134: 'Publico potencial do SAM 6000000.0 pessoas'. Mesma limitacao: 'A imagem cita a referencia por numero, mas a lista bibliografica [1]-[8] nao esta no material anexado'.",DOC-C07-007;DOC-C07-009,weak,0.35,fact,high,high,"Recalcular SAM a partir do recorte ICP-01 (independente/solo, 25-44, multiprojeto) quando houver taxa de qualificacao observada."
SA-03D,som,ECO-01,software,,"O material interno projeta SOM de R$ 3,26 milhoes em 3 anos, com meta de 500.000 inscritos e 1% de conversao anual.","QT-0133 'SOM projetado para tres anos 3260000.0 R$'; QT-0135 'Meta de inscritos 500000.0 / 3 anos'; QT-0136 'Conversao anual projetada 1,0%'.",DOC-C07-007;DOC-C07-009,weak,0.35,fact,high,high,"Confrontar a meta de 500 mil inscritos com o objetivo SMART vigente, que proibe 'metas arbitrarias de seguidores ou leads sem baseline'."
SA-03D,som_conflict,ECO-02,content_community,social,A meta herdada de 500.000 inscritos contradiz a regra vigente de nao fixar metas sem baseline.,QT-0135: 'Meta de inscritos 500000.0'. DOC-C02-043 (Objetivo SMART): 'Nao estabelecer ainda metas arbitrarias de seguidores ou leads sem baseline.',DOC-C07-007;DOC-C02-043,moderate,0.8,conflict,medium,medium,"Aposentar a meta de 500 mil ate a campanha D1-D14 gerar baseline de visualizacoes, retencao, inscricoes e downloads."
SA-03B,tam,ECO-02,content_community,,Nao existe dimensionamento de mercado especifico para a unidade editorial.,"Os unicos numeros de mercado no acervo (QT-0131/132/133) referem-se ao projeto de produto/neuroexecucao, nao a receita editorial; nenhum documento estima receita de publicidade, newsletter ou patrocinio.",DOC-C07-007,none,0.8,gap,medium,low,"Se o blog for monetizar, dimensionar por RPM x sessoes projetadas apos a campanha inaugural, nao antes."
SA-03B,tam,ECO-07,professional_service,direct_sales,Nao existe TAM/SAM/SOM para os servicos; ha apenas preco e capacidade.,"DOC-C05-001 registra 'Um projeto, uma entrega, uma semana: R$ 700,00' e 'Limite de um cliente por semana', mas nenhum documento estima demanda ou numero de compradores potenciais.",DOC-C05-001,none,0.85,gap,medium,medium,"Para servico com capacidade travada em 1 cliente/semana, o dimensionamento relevante e fila de demanda qualificada, nao TAM."
SA-04A,segmentation_axis,ECO-01,software,app,"A segmentacao adotada e comportamental, nao clinica.","Decisao ICP-01: 'Iniciar testes por profissionais independentes multiprojeto, sem exigir diagnostico de TDAH'; 'O que nao e criterio de entrada: Diagnostico de TDAH'.",DOC-C07-009,strong,0.9,fact,high,high,"Instrumentar a captacao para medir comportamento (perda de contexto, dificuldade de proxima acao) e nao autodeclaracao de diagnostico."
SA-04A,segment_definition,ECO-02,content_community,owned_web,O material editorial define publico prioritario como empreendedores e profissionais liberais adultos com TDAH.,QL-0018: 'Empreendedores e profissionais liberais adultos com TDAH sao definidos como publico prioritario'; QT-0140/0141 fixam faixa etaria 25-44 anos.,DOC-C07-007;DOC-C07-009,moderate,0.75,fact,medium,medium,"Alinhar com ICP-01: o editorial segmenta por diagnostico, o produto segmenta por comportamento; a diferenca precisa ser deliberada, nao acidental."
SA-04A,segment_conflict,ECO-01,software,,Ha tensao entre a segmentacao clinica do editorial e a segmentacao comportamental do produto.,Editorial (QL-0018): publico e 'adultos com TDAH'. Produto (ICP-01): 'diagnostico nao define o ICP comercial inicial'. As duas convivem no mesmo funil de lancamento de 07/09.,DOC-C07-007;DOC-C07-009;DOC-C12-005,moderate,0.75,conflict,high,high,"Decidir e registrar como o trafego editorial (TDAH) converte para uma oferta que nao usa TDAH como criterio, evitando promessa implicita de tratamento."
SA-04A,segment_definition,ECO-03,digital_product,,O framework define dois publicos distintos: leitores interessados e especialistas como critica externa.,"DOC-C02-039 (BMC): 'Leitores interessados em funcoes executivas, neurodivergencia, trabalho, projetos e risco; especialistas entram como critica externa, nao como endosso.'",DOC-C02-039;DOC-C02-042,strong,0.85,fact,medium,medium,Manter a separacao no material: endosso de especialista nao pode virar prova social antes da revisao critica.
SA-04A,segment_definition,ECO-07,professional_service,direct_sales,Nao ha definicao de segmento para os servicos alem de tres familias nao especificadas no acervo lido.,"DOC-C09-006 lista como pendencia 'tres familias de servico' e 'condicao de preco inicial'; DOC-C02-004 registra CONS-01/CONS-02 como CONCLUIDO, mas nenhum documento lido nomeia as tres familias.",DOC-C09-006;DOC-C02-004;DOC-C12-006,none,0.75,gap,high,high,Recuperar ou redigir a especificacao das tres familias de servico antes de publicar PAG-002-SERVICOS.
SA-04B,icp,ECO-01,software,app,O ICP comercial a testar esta escrito de forma operacional e falseavel.,"Dashboard: 'Profissional independente/solo brasileiro, aproximadamente 25-44 anos, multiprojeto, que perde contexto, tem dificuldade recorrente para escolher proxima acao, ja tentou ferramentas de produtividade e controla/influencia a propria compra.'",DOC-C07-009,strong,0.9,fact,high,high,Converter cada clausula do ICP em pergunta de triagem do formulario de captacao FORM-002.
SA-04B,icp_validation,ECO-01,software,app,O ICP permanece hipotese: nao ha validacao com clientes reais.,gaps[0]: 'ICP comercial - HIPOTESE FORTE / TESTAVEL - closed: false - remaining: Validacao com clientes reais'; finding ICP-HYP-01 tem epistemic_class E e status HYPOTHESIS.,DOC-C07-009,strong,0.9,fact,high,high,"Recrutar coorte comportamental no lancamento de 07/09 e medir ativacao, recorrencia, pagamento e renovacao (next_validation de ICP-01)."
SA-04B,icp,ECO-07,professional_service,direct_sales,"O ICP do Estudio esta implicito no formulario de entrada, nao declarado.","DOC-C12-003 pergunta 'como trabalha hoje; principal atrito; ferramentas atuais; resultado desejado; ... prazo desejado; faixa de investimento' - e um instrumento de qualificacao, mas nenhum documento declara o perfil-alvo.",DOC-C12-003;DOC-C09-006,moderate,0.7,gap,medium,medium,Derivar o ICP do Estudio a partir das respostas das primeiras semanas e registra-lo antes de escalar a oferta.
SA-04C,job_statement,ECO-02,content_community,owned_web,O acervo formula oito enunciados de job em primeira pessoa que descrevem a distancia entre intencao e execucao.,"DOC-C01-005: 'Quero fazer, mas nao consigo iniciar. Comeco, mas nao consigo sustentar. Sei fazer, mas esqueco etapas... Entrego, mas atraves de urgencia, estresse e recuperacao posterior. Crio sistemas de produtividade, mas nao consigo mante-los.'",DOC-C01-005;DOC-C03-002,strong,0.9,fact,high,high,"Usar os oito enunciados como titulos-semente do calendario editorial: cada um e um artigo com vulnerabilidade, demanda, falha e controle."
SA-04C,functional_job,ECO-01,software,app,O job funcional central e transformar contexto em proxima acao valida e preservar o estado do trabalho.,positioning: 'Sistema de execucao para profissionais multiprojeto que transforma contexto em proxima acao e preserva o estado do trabalho'; VALUE_EVENT-01: 'Projeto real -> contexto interpretado -> proxima acao valida -> acao executada -> conclusao/evidencia registrada'.,DOC-C07-009,strong,0.9,fact,high,high,Instrumentar VALUE_EVENT-01 como evento unico de ativacao antes do lancamento; sem ele nao ha PMF mensuravel.
SA-04C,job_map,ECO-03,digital_product,,A matriz GP-01 a GP-11 mapeia onze jobs de gestao de projetos contra vulnerabilidades executivas e controles compensatorios.,"DOC-C07-003 traz 11 linhas com colunas Funcao / Capacidade exigida / Vulnerabilidade / Evidencia (B/C/E) / Impacto operacional / Compensacao sistemica / Decisao de produto, de 'Iniciacao e escopo' a 'Capacidade e forecasting'.",DOC-C07-003;DOC-C07-002;DOC-C07-004,strong,0.9,fact,high,high,"Tratar a matriz como o artefato mais reutilizavel do acervo: ela serve simultaneamente a roadmap de produto, pauta editorial e escopo do framework."
SA-04C,job_pain,ECO-03,digital_product,,"O mecanismo de falha mais forte da matriz e o de execucao sustentada, classificado como evidencia B/C forte.","GP-06: 'Competicao entre estimulos + duracao -> abandono, fragmentacao ou multiplos trabalhos parcialmente abertos', evidencia 'B/C forte', compensacao 'Modo foco, WIP baixo, fila separada, captura de interrupcoes sem abandonar tarefa atual'.",DOC-C07-003;DOC-C07-002,strong,0.85,fact,high,medium,"Priorizar WIP baixo e fila unica como feature de lancamento, por ser a linha com a evidencia mais forte da matriz."
SA-04C,job_statement,ECO-07,professional_service,direct_sales,O job do cliente de servico e declarado como sair com um sistema funcionando em sete dias.,"DOC-C09-006: 'Traga o problema. Em 7 dias, saia com um sistema funcionando'; modelo '1 cliente por semana - 1 projeto - 1 entrega principal - 7 dias'.",DOC-C09-006;DOC-C05-001,strong,0.9,fact,high,medium,"Manter a promessa de 7 dias como criterio de escopo: qualquer pedido que nao caiba em 7 dias vira outra oferta, nao excecao."
SA-04D,primary_research,ECO-01,software,,Nao existe pesquisa primaria com clientes reais em nenhuma das quatro unidades.,"Dashboard: 'Strict VERIFIED 0'; gaps ICP/Preco/CAC/LTV/PMF/Eficacia todos com closed: false e remaining apontando para validacao com clientes/coorte real; a base tem 240 registros legados, sendo 142 de livro e 98 de documento interno.",DOC-C07-009;DOC-C07-007,strong,0.9,fact,high,high,Rodar 10-15 entrevistas com o ICP durante a campanha de lancamento; e o insumo mais barato e mais ausente do acervo.
SA-04D,stated_need,ECO-02,content_community,owned_web,"As necessidades explicitas e implicitas do publico estao registradas, mas derivam de documento interno e nao de escuta direta.","QL-0021: 'necessidades de foco, organizacao e reducao da procrastinacao'; QL-0022: 'validacao nao moral, externalizacao de funcoes executivas e reforcos externos imediatos'; conjunto: 'Documento interno do projeto'.",DOC-C07-007,moderate,0.65,fact,medium,medium,"Testar as necessidades implicitas como hipoteses de copy A/B na campanha, tratando-as como suposicao e nao como voz do cliente."
SA-04D,emotional_job,ECO-02,content_community,owned_web,A dor moral (culpa e interpretacao de preguica) e registrada como agravante do problema funcional.,"QL-0020: 'Culpa e interpretacao de preguica agravam o problema funcional'; QL-0019: 'falha cronica de autorregulacao e funcao executiva, expressa por procrastinacao e abandono apesar de criatividade e hiperfoco'.",DOC-C07-007,moderate,0.7,fact,high,medium,Manter o tom nao moralizante como regra editorial explicita; e o diferencial percebido mais barato de sustentar.
SA-04D,demand_signal,ECO-02,content_community,owned_web,"Ha estimativas internas de volume de busca por cinco termos-chave, sem metodologia nem data.",QT-0154 'TDAH adulto 110.000-140.000 buscas/mes'; QT-0155 'TDAH procrastinacao 18.000-25.000'; QT-0156 'funcoes executivas 12.000-18.000'; QT-0157 'como organizar com TDAH 9.000-15.000'; QT-0158 'planner para TDAH 6.000-10.000'. Observacao: 'metodologia e data da pesquisa nao aparecem na imagem'.,DOC-C07-007;DOC-C07-009,weak,0.45,fact,medium,medium,Refazer o levantamento em ferramenta propria antes de usar como base de plano de SEO; hoje sao faixas transcritas de imagem.
SA-04D,behavioral_evidence,ECO-01,software,app,"Ha dois numeros de contexto de trabalho citados a partir de blog corporativo, com forca de evidencia baixa.","QT-000175: '23,0 minutos para recuperar o foco apos notificacao/troca de contexto'; QT-000176: 'intervalo de 2,0 minutos entre notificacoes', ambos fonte 'Toggl (blog corporativo)', publico 'Trabalhadores do conhecimento'.",DOC-C07-007,weak,0.45,fact,medium,low,"Nao usar os 23 minutos como claim publico; se necessario, buscar a fonte primaria ou substituir por metrica propria de resume latency."
SA-05,prior_art,ECO-03,digital_product,,"O termo cognitive risk ja possui anterioridade publicada, e o acervo registra isso explicitamente.","RC-TERM-007 aponta o livro 'Cognitive Risk' (Bone & Lee, Routledge) e RC-TERM-008 o capitulo 'Managing Cognitive Risk' (Emerald) como STATUS ANTERIORIDADE; guardrail: 'Nao reivindicar autoria do termo'.",DOC-C02-030;DOC-C02-022,strong,0.9,fact,high,high,Publicar o mapa de anterioridade junto com o framework; e o que separa contribuicao defensavel de reivindicacao fragil.
SA-05,whitespace,ECO-03,digital_product,,"O whitespace declarado e a integracao perfil executivo -> demanda cognitiva -> falha -> probabilidade/impacto -> controle -> evidencia, aplicada a projetos e neurodivergencia.","DOC-C02-031, item 3: 'Nao foi identificado, nesta rodada, um framework consolidado que una explicitamente: perfil executivo individual -> demanda cognitiva da tarefa -> evento provavel de falha -> probabilidade/impacto -> controle compensatorio -> evidencia de execucao'.",DOC-C02-031;DOC-C02-016,strong,0.85,fact,high,high,Manter a formulacao literal como definicao da contribuicao; ela e especifica o bastante para ser testada e defendida.
SA-05,whitespace_risk,ECO-03,digital_product,,Tratar a ausencia de framework equivalente como prova de ineditismo e registrado como risco de credibilidade pelo proprio acervo.,"DOC-C02-031, item 4: 'Nao encontramos nao significa nao existe'; DOC-C02-039 (Riscos): 'Tratar a ausencia de um framework equivalente nas buscas como prova de ineditismo pode comprometer a credibilidade cientifica e estrategica da proposta'.",DOC-C02-031;DOC-C02-039;DOC-C02-043,strong,0.9,fact,high,high,"Executar a scoping review sistematica (RC-P02-VAL01, etapa 1) antes de qualquer comunicacao publica de ineditismo."
SA-05,competitor_benchmark,ECO-02,content_community,social,"O acervo estima receita anual de R$595-654 mil para o concorrente TDAH Descomplicado, sem fonte resolvida.","QT-0145: 'Receita anual estimada do concorrente TDAH Descomplicado, 595000.0-654000.0 R$/ano', 'Requer validacao na referencia original', bibliografia [2][4] ausente do material.",DOC-C07-007;DOC-C07-009,weak,0.4,fact,medium,low,Usar apenas como ordem de grandeza interna; nao citar publicamente numero de receita de terceiro sem fonte.
SA-05,competitive_gap,ECO-02,content_community,owned_web,A lacuna competitiva hipotetizada e que concorrentes seriam fortes em sintomas e medicacao e fracos em aplicacao pratica.,"QL-0026: 'Concorrentes seriam mais fortes em sintomas e medicacao do que em aplicacao pratica e desempenho'; recomendacao da propria fonte: 'Validar a lacuna por auditoria de conteudo e entrevistas, antes de assumir oceano azul'.",DOC-C07-007,moderate,0.65,hypothesis,high,medium,Fazer auditoria de 20 conteudos concorrentes classificando por Entender/Estruturar/Executar/Evoluir para confirmar ou derrubar a hipotese.
SA-05,competitive_practice,ECO-01,software,app,"Dark patterns em apps de produtividade sao registrados como fator negativo de confianca, criando espaco de diferenciacao etica.","QL-000050: 'Padroes de design enganoso (dificuldade para cancelar assinatura, inducao de culpa, continuidade forcada) sao apontados como prejudiciais a confianca do usuario em aplicativos de produtividade'.",DOC-C07-007,moderate,0.7,fact,medium,medium,"Transformar em compromisso publico verificavel (cancelamento em um clique, sem inducao de culpa) - barato e alinhado ao publico."
SA-06A,revenue_streams,ECO-01,software,,O ecossistema declara seis fontes de receita distintas ligadas por um registro unico de CTAs.,"CTA Registry (DOC-C06-001): CTA-001 App, CTA-004 E-book, CTA-005 Curso, CTA-006 Studio (servico), CTA-007 Amazon Affiliate, CTA-009 Office Kit (fisico), alem de CTA-003 Biblioteca e CTA-008/010 captacao de lead.",DOC-C06-001;DOC-C05-001,strong,0.9,fact,high,high,"Antes de 07/09, marcar quais dos 10 CTAs tem destino real e quais devem ser desligados; um CTA sem destino queima trafego de lancamento."
SA-06A,margin_pool,ECO-01,digital_product,education_platform,O material posiciona infoprodutos como motor de margem e produtos fisicos como retencao e marca.,"QL-0039: 'Infoprodutos sao propostos como motor de margem e produtos fisicos como retencao e marca'; QT-0148: 'Margem bruta de infoprodutos 83,0% ou mais'; QT-0151: 'Preco sugerido de produto fisico premium 350,0 R$ ou mais'.",DOC-C07-007;DOC-C07-009,weak,0.5,fact,medium,medium,"Tratar os 83% como premissa herdada; validar com custo real de plataforma, imposto e taxa de checkout antes de planejar caixa."
SA-06A,affiliate_pool,ECO-02,content_community,affiliate,A monetizacao por afiliados esta desenhada como camada editorial com comissao de 10% em livros na Amazon.,"DOC-C05-001, Macro 01: 'A tabela padrao atual informa 10% para livros e livros digitais em compras qualificadas'; AF-04: 'Recomendacao editorial primeiro; monetizacao depois'; biblioteca inicial BK-01/02/03 (Barkley, Ana Beatriz Silva, Barkley EF).",DOC-C05-001,strong,0.85,fact,low,medium,Executar AF-SETUP-001 (cadastro + IDs por canal + substituicao dos links-base) antes de publicar as pecas que citam os livros.
SA-06A,revenue_conflict,ECO-02,content_community,owned_web,Ha conflito registrado sobre a alocacao da receita de AdSense ao braco social.,"QT-0152: 'Alocacao de AdSense inicialmente cogitada 70,0% da receita'; QT-0153: 'Alocacao inicial recomendada 10,0%'; QL-0016: '70% ... e considerada incompativel com reinvestimento e consistencia operacional'.",DOC-C07-007;DOC-C07-009,moderate,0.75,conflict,medium,low,"Registrar formalmente a decisao (10%) e o motivo, para que a versao de 70% nao volte por copia de material antigo."
SA-06B,unit_economics,ECO-01,software,app,"O modelo economico do app e integralmente hipotetico: ARPU, margem e churn sao premissas, nao observacoes.","unit_economics.status: 'MODEL_HYPOTHESIS_NOT_OBSERVED'; cenarios: churn 10%/15%/20% -> LTV R$424 / R$282,77 / R$212 e CAC maximo para LTV:CAC=3 de R$141 / R$94 / R$71, com ARPU R$49,90 e margem bruta 85%.",DOC-C07-009,strong,0.9,fact,high,high,"Nao usar LTV de R$282,77 em nenhuma decisao de investimento; substituir por LTV_30/60/90/180/365 assim que houver coorte paga."
SA-06B,cac_guardrail,ECO-01,software,direct_sales,"O guardrail de CAC e R$70 (conservador) com alerta em aproximadamente R$95, e a fonte distingue CAC de metricas intermediarias.","Decisao CAC-01 e painel: 'CAC observado = gasto atribuivel / novos clientes pagantes. CPI, CPM, clique e cadastro nao substituem CAC.'",DOC-C07-009,strong,0.9,fact,high,high,"Implementar os eventos de telemetria acquisition_source, campaign_id, paid_at e gross_revenue antes da primeira campanha paga."
SA-06B,pricing,ECO-01,software,app,"O preco e um experimento declarado, nao uma tabela: R$29,90 / R$49,90 / R$79,90 mensais e R$299 / R$499 / R$799 anuais.","research.pricing: monthly_branches_brl [29.9, 49.9, 79.9], annual_branches_brl [299, 499, 799], central_test_price_brl 49.9, status 'HYPOTHESIS_TO_TEST'; painel: 'Preco canonico ainda nao existe'.",DOC-C07-009,strong,0.9,fact,high,high,"Publicar apenas o ponto central R$49,90 no lancamento e reservar as pontas para teste, evitando ancoragem publica de tres precos."
SA-06B,service_pricing,ECO-07,professional_service,direct_sales,"O servico tem preco declarado de R$700 por projeto de uma semana, com capacidade de um cliente por semana.","DOC-C05-001: 'Preco: Um projeto, uma entrega, uma semana: R$ 700,00'; 'Capacidade e escassez: Limite de um cliente por semana, apresentado como diferencial do servico'.",DOC-C05-001;DOC-C09-006,strong,0.9,fact,high,high,Confirmar se R$700 e preco de portfolio ou preco-alvo; a pagina PAG-003-ESTUDIO nao pode ir ao ar com essa ambiguidade.
SA-06B,service_capacity_ceiling,ECO-07,professional_service,direct_sales,"Com R$700 por semana e um cliente por semana, o teto teorico de receita do Estudio e cerca de R$36,4 mil por ano.","Derivacao aritmetica direta de DOC-C05-001: R$700 x 52 semanas = R$36.400/ano, ignorando ferias, semanas sem cliente e os primeiros clientes atendidos sem cobranca.",DOC-C05-001,moderate,0.8,inference,high,high,"Se o Estudio precisa ser motor de receita, o preco ou o modelo de capacidade precisa mudar; se e motor de portfolio e autoridade, declarar isso e nao cobrar meta de receita dele."
SA-06B,pricing_strategy,ECO-07,professional_service,direct_sales,Os primeiros clientes podem ser atendidos sem cobranca para construcao de portfolio.,"DOC-C05-001: 'Primeiros clientes podem ser atendidos sem cobranca para construcao de portfolio, com transparencia sobre fase inicial e possiveis refinamentos'.",DOC-C05-001,strong,0.85,fact,medium,high,"Fixar quantos clientes gratuitos (ex.: 2) e qual o criterio de saida dessa fase, para nao ancorar o servico em preco zero."
SA-06B,cost_structure,ECO-01,software,app,"O custo variavel de IA e reconhecido como evento a medir, mas nao ha nenhum valor estimado no acervo.","telemetry.required_events inclui 'variable_ai_cost', porem nenhum documento lido apresenta custo por usuario, por execucao ou por token.",DOC-C07-009,none,0.8,gap,high,high,"Estimar custo variavel por usuario ativo antes de fixar R$49,90; com margem premissa de 85%, o custo de IA e a variavel que pode derrubar o modelo."
SA-06B,economics,ECO-02,content_community,owned_web,Nao existe modelo economico proprio para a unidade editorial.,"O BMC de DOC-C02-039 tem 'Riscos / custos cognitivos' e 'Entregas / evidencia', mas nenhuma linha de receita, custo ou ponto de equilibrio; o objetivo declarado da fase e validar interesse, nao receita.",DOC-C02-039;DOC-C02-043,none,0.8,gap,medium,low,Aceitar o blog como investimento de categoria na fase 1 e definir explicitamente quando ele passa a ter meta economica.
SA-07A,content_chain,ECO-02,content_community,owned_web,A cadeia editorial e de derivacao 1 para N a partir de um conteudo canonico.,"DOC-C10-003: 'Artigo canonico -> imagem principal -> diagramas -> video -> cortes curtos -> carrossel/post -> chamada -> agenda'; DOC-C02-043 registra 'produzir tudo por derivacao 1->N, comecando pelo artigo mestre'.",DOC-C10-003;DOC-C02-043;DOC-C02-014,strong,0.9,fact,high,medium,Manter a regra de nao iniciar derivados antes do canonico estar fechado; e o que protege as 60h comprometidas do GTM.
SA-07A,delivery_chain,ECO-01,software,owned_web,A cadeia de entrega do lancamento e definida como pacote fechado com dez elos obrigatorios.,DOC-C06-001: 'conteudo -> assets -> CTA -> brinde -> destino -> CMS -> distribuicao -> agendamento -> tracking -> evidencia = DONE'; regra de ouro: 'Nenhum output produzido pode ficar orfao'.,DOC-C06-001;DOC-C08-003,strong,0.9,fact,high,high,Usar a cadeia como unica definicao de pronto; 'texto terminado' ou 'video pronto' nao pode aparecer como progresso no painel.
SA-07A,service_chain,ECO-07,professional_service,direct_sales,"A cadeia de servico tem nove etapas em aproximadamente sete dias, do formulario ao pos-entrega.","DOC-C05-001: 'Jornada de aproximadamente sete dias, com formulario inicial, consulta extensa, desenvolvimento, prototipo, teste, refinamento, entrega, onboarding e periodo posterior para duvidas'.",DOC-C05-001;DOC-C11-010;DOC-C12-003,strong,0.85,fact,high,medium,Cronometrar as nove etapas no primeiro cliente real; nove etapas em sete dias e o principal risco de sobrecompromisso do Estudio.
SA-07A,ecosystem_loop,ECO-01,software,,O ecossistema e desenhado como ciclo em que o proprio produto serve de showroom da capacidade de servico.,"DOC-C05-001: 'Autoridade pessoal -> Conteudo -> Produtos -> Demonstracao pratica -> Servico -> Cliente -> Caso real -> Portfolio -> Mais autoridade'; e 'o Executar nao e apenas um produto... funciona simultaneamente como produto, laboratorio, prova de competencia, showroom e principal ativo de autoridade comercial'.",DOC-C05-001,strong,0.9,fact,high,medium,Explorar o loop deliberadamente: cada release do app deve gerar um ativo de demonstracao reutilizavel pelo Estudio.
SA-07A,tech_stack,ECO-02,content_community,owned_web,"A infraestrutura editorial esta definida e tem criterio de aceite operacional, nao tecnico.","DOC-C02-017: 'Vercel Payload Website Starter + Next.js + Payload CMS + PostgreSQL/Neon + Vercel Blob'; DoD: 'Abrir /admin -> criar artigo -> ... -> publicar, sem editar codigo'.",DOC-C02-017;DOC-C02-043,strong,0.9,fact,high,high,Validar o DoD com uma publicacao de teste ponta a ponta antes do D1 editorial; sem isso a campanha de 14 dias nao pode comecar.
SA-07B,engineering,ECO-01,software,app,"A capacidade de engenharia esta comprovada por estado real de repositorio, nao por declaracao.",DOC-C04-002: 'HEAD de main: 4c8f360 (merge do PR #77)... typecheck limpo... 51/51 vitest passando... 347/347 testes de governanca... CI 3/3 checks verdes em cada um dos PRs mesclados'; handoff gerado 'a partir do estado real do repositorio (git log + GitHub API)'.,DOC-C04-002,strong,0.9,fact,high,medium,Usar o handoff como prova de capacidade nas pecas do Estudio; e a evidencia mais forte de competencia tecnica do acervo.
SA-07B,product_engine,ECO-01,software,app,"O diferencial declarado e arquitetural: plano estavel com rota recalculada, nao uma feature isolada.","DOC-C05-001: 'Tempo disponivel, dependencias, WIP e ciclo definem elegibilidade; Flow Score e Context Score ordenam as alternativas; Progress Points registram somente o trabalho efetivamente concluido'; 'PLAN != ROUTE / ROUTE subconjunto de PLAN'; mensagem: 'O plano continua. A rota se adapta. Voce executa.'",DOC-C05-001,strong,0.9,fact,high,high,Demonstrar o recalculo de rota ao vivo (Cena B da DOC-C11-004) - e a unica prova visual do diferencial que nao pode ser copiada em copy.
SA-07B,epistemic_governance,ECO-01,software,,Existe uma capacidade rara no acervo: governanca epistemologica que separa candidato de verificado.,"DOC-C07-009, invariantes: 'original != extracao != evidencia != decisao - candidate != verified - benchmark != dado do EXECUTAR - modelo economico != unit economics observado - literatura externa != eficacia do EXECUTAR - similaridade != suporte factual'.",DOC-C07-009;DOC-C07-007,strong,0.9,fact,high,medium,Transformar a governanca em ativo publico (pagina de metodo): ela e um diferencial defensavel frente a concorrentes de infoproduto.
SA-07B,framework_components,ECO-03,digital_product,,O framework CERM tem cinco componentes provisorios e uma arquitetura de sete elos.,"DOC-C02-016: arquitetura 'Perfil executivo -> demanda cognitiva -> risco de execucao -> impacto/probabilidade -> controle compensatorio -> monitoramento -> evidencia/feedback'; componentes: Cognitive Risk Profile, Cognitive Demand Map, Cognitive Risk Register, Compensating Controls, Execution Evidence.",DOC-C02-016;DOC-C02-031,strong,0.9,fact,high,medium,Mapear cada um dos cinco componentes contra um modulo existente do app; o que nao tiver correspondencia e a proxima especificacao de produto.
SA-07B,method_capability,ECO-03,digital_product,,"O framework editorial de sete etapas e declarado como adaptacao da logica da ISO 31000, nao como norma.","DOC-C01-005: 'Contexto -> Identificar -> Analisar -> Avaliar -> Tratar -> Controlar -> Monitorar'; ressalva: 'seria um framework seu inspirado na ISO 31000, nao um protocolo clinico ou uma metodologia oficialmente reconhecida pela ISO'.",DOC-C01-005;DOC-C03-002,strong,0.9,fact,high,medium,Repetir a ressalva em toda peca que citar ISO 31000; e o ponto onde a credibilidade e mais facil de perder.
SA-07B,capacity_constraint,ECO-07,professional_service,direct_sales,"A capacidade do Estudio e uma pessoa, e isso e apresentado como diferencial e nao como limite.","DOC-C05-001: 'Limite de um cliente por semana, apresentado como diferencial do servico'; nenhum documento lido preve equipe, subcontratacao ou padronizacao de entrega.",DOC-C05-001;DOC-C09-006,strong,0.85,fact,high,high,Padronizar 3 entregaveis repetiveis (os das tres familias) para reduzir o custo marginal por cliente antes de considerar aumentar preco ou volume.
SA-07B,execution_capacity,ECO-01,software,,O plano de entregaveis mostra 33 de 43 itens ainda ATIVOS as vesperas do lancamento.,"DOC-C02-004: 43 linhas, status 'ATIVO' 33 e 'CONCLUIDO' 10, distribuidas em 10 areas (APP 6, Editorial 6, GTM 5, Produtos Fisicos 5, Infoprodutos 5, Showroom 5, Dados 4, Studio 4, Freeze/Launch 2, Governanca 1).",DOC-C02-004,strong,0.85,fact,high,high,"Cortar escopo por area antes de cortar qualidade: com 60h comprometidas, 33 entregaveis ativos em 10 frentes e o principal risco do 07/09."
SA-08A,customer,ECO-01,software,app,O cliente e definido por comportamento observavel e por um evento de valor unico.,"ICP-01 (comportamento, sem diagnostico) combinado a VALUE_EVENT-01 e aos endpoints funcionais time_to_next_action, resume_latency, completion_rate, context_reconstruction, execution_cycles_per_week e abandonment_rate.",DOC-C07-009,strong,0.85,fact,high,high,"Fazer do painel de ativacao o primeiro dashboard interno pos-lancamento, nao o de downloads."
SA-08B,company,ECO-01,software,,"A companhia e um operador unico que sustenta simultaneamente app, blog, framework, servicos, infoprodutos, produtos fisicos e afiliados.",DOC-C05-001 e DOC-C06-001 descrevem sete frentes com capacidade declarada de 6h/dia e 60h comprometidas em 12 dias; DOC-C02-004 confirma 10 areas de entregavel simultaneas.,DOC-C05-001;DOC-C06-001;DOC-C02-004,strong,0.85,inference,high,high,Nomear explicitamente qual unidade e prioritaria em caso de conflito de agenda; hoje o plano assume que todas cabem.
SA-08C,competitor,ECO-02,content_community,owned_web,"O concorrente relevante do blog nao e outro blog de TDAH, e sim a categoria de conteudo de produtividade e a de conteudo clinico.","DOC-C01-005: 'Eu nao posicionaria Risco Cognitivo como mais um blog sobre TDAH'; QL-0017 divide o setor em midia/autoridade medica, infoprodutores, e-commerce de nicho e instituicoes/clinicas.",DOC-C01-005;DOC-C07-007,moderate,0.75,inference,medium,medium,Medir share of search nos cinco termos ja levantados como proxy de posicao competitiva na categoria escolhida.
SA-09A,strength,ECO-01,software,app,Forca: produto real em producao com governanca de evidencia e 22 decisoes operacionais documentadas.,"DOC-C04-002 comprova repositorio, CI e testes; DOC-C07-009 registra '22 decisoes operacionais: 15 produto/seguranca + 7 negocio/pesquisa'.",DOC-C04-002;DOC-C07-009,strong,0.85,fact,high,medium,Usar as 22 decisoes como backlog de requisitos rastreaveis; poucos concorrentes conseguem mostrar essa cadeia.
SA-09B,weakness,ECO-01,software,app,Fraqueza: zero registros no gate estrito de verificacao e nenhum cliente pagante.,DOC-C07-009: 'Strict VERIFIED 0 - gate factual permanece preservado'; '161 evidence candidates'; 'governed_verified_links: 0'; gaps de CAC/LTV/PMF com 'remaining: Campanhas e clientes pagantes' e 'Cohort real'.,DOC-C07-009,strong,0.9,fact,high,high,"Aceitar que o lancamento de 07/09 e um experimento de aquisicao, nao uma operacao comercial validada, e comunicar internamente assim."
SA-09C,opportunity,ECO-03,digital_product,,Oportunidade: converter a matriz GP-01..GP-11 em white paper citavel antes que o campo se popule.,DOC-C02-015 preve 'White paper v1 de 15-30 paginas' e 'DOI somente apos estabilizacao'; DOC-C02-042 registra que a APM ja publicou formulacao proxima em 26/08/2026.,DOC-C02-015;DOC-C02-042;DOC-C07-003,moderate,0.75,inference,high,high,Antecipar o white paper para logo apos a campanha editorial; a janela de anterioridade esta se fechando.
SA-09D,threat,ECO-02,content_community,owned_web,Ameaca: saturacao e desinformacao no tema podem derrubar a confianca do publico.,QL-0015: 'Conteudo superficial e desinformacao sao tratados como riscos de saturacao e perda de confianca'; QL-0013 descreve 'transicao de conscientizacao acelerada para maturacao e monetizacao do mercado'.,DOC-C07-007,moderate,0.7,fact,high,medium,"Fazer da politica de citacao e da separacao evidencia/interpretacao um elemento visivel da marca, nao um detalhe interno."
SA-09D,threat,ECO-01,software,app,Ameaca: uma unica peca de copy com claim clinico pode acionar risco regulatorio e reputacional simultaneo.,"CLAIM-01 exige 'Revisao juridica/regulatoria da copy final e auditoria de implementacao'; a lista de proibidos inclui 'Cientificamente comprovado para TDAH', e o funil de lancamento parte de conteudo sobre TDAH.",DOC-C07-009;DOC-C10-011;DOC-C10-019,strong,0.85,inference,high,high,"Inserir um gate de revisao de claims no fluxo de publicacao, entre 'texto aprovado' e 'CMS carregado'."
SA-09B,weakness,ECO-07,professional_service,direct_sales,Fraqueza: a oferta de servico esta incompleta em quatro elementos criticos as vesperas do lancamento.,DOC-C09-006 lista como pendentes: 'pagina institucional de servicos; pagina Estudio; formulario visual inicial; tres familias de servico; condicao de preco inicial; demonstracoes de casos proprios; chamada CH-006 funcionando'.,DOC-C09-006;DOC-C12-006;DOC-C12-007,strong,0.9,fact,high,high,Ou fechar os sete itens ate 05/09 ou remover o Estudio do lancamento e mante-lo como lista de interesse.
SA-09C,opportunity,ECO-07,professional_service,direct_sales,"Oportunidade: o proprio EXECUTAR e o showroom do servico, eliminando o custo de portfolio inicial.","DOC-C05-001: 'O app Executar, o Agente 007, skills e plugins funcionam como provas visuais e como principal showroom das capacidades oferecidas'.",DOC-C05-001;DOC-C11-010,strong,0.85,fact,high,medium,Gravar as demonstracoes 01-04 uma unica vez e reutiliza-las como material comercial permanente do Estudio.
SA-10A,market_attractiveness,ECO-01,software,,"Nao ha base para pontuar atratividade de mercado do app: nenhum dos insumos de tamanho, crescimento ou rentabilidade esta verificado.","TAM/SAM/SOM sem metodologia (QT-0131/132/133), CAGR sem fonte resolvida (QT-0138/139), LTV e CAC apenas modelados, e 'Strict VERIFIED 0'.",DOC-C07-007;DOC-C07-009,none,0.85,gap,high,medium,"Adiar qualquer scoring formal de atratividade; a decisao de continuar deve se apoiar em PMF-01, nao em tamanho de mercado."
SA-10A,market_attractiveness,ECO-03,digital_product,,"A atratividade do territorio de framework e sustentada por evidencia de problema, nao por evidencia de mercado.",DOC-C01-005: 'A evidencia disponivel sustenta claramente a existencia do problema social. O que ainda precisara ser demonstrado... e se organizar essas dificuldades atraves de um framework explicito... constitui uma abordagem util e empiricamente defensavel.',DOC-C01-005;DOC-C02-031,strong,0.85,fact,high,medium,Separar as duas perguntas nos relatorios internos: existencia do problema (respondida) e utilidade do framework (aberta).
SA-10B,ability_to_win,ECO-01,software,app,"A capacidade de vencer se apoia em ativos verificaveis: produto operante, base de evidencia governada e matriz de decisao de design.","DOC-C04-002 (CI verde, 398 testes), DOC-C07-009 (22 decisoes, invariantes epistemicos), DOC-C07-003 (11 linhas GP com compensacao sistemica e decisao de produto).",DOC-C04-002;DOC-C07-009;DOC-C07-003,strong,0.8,inference,high,medium,Comunicar a cadeia evidencia -> decisao -> feature como diferencial verificavel; e o que nenhum concorrente de infoproduto pode replicar rapido.
SA-10B,ability_to_win,ECO-07,professional_service,direct_sales,"A capacidade de vencer no servico e limitada por capacidade humana, nao por demanda ou diferenciacao.","Um cliente por semana (DOC-C05-001), tres familias de servico ainda nao especificadas (DOC-C09-006) e nenhuma padronizacao de entrega documentada.",DOC-C05-001;DOC-C09-006,moderate,0.75,inference,high,medium,Tratar o Estudio como gerador de casos e insumo editorial na fase 1; escalar so depois de 5 entregas com escopo repetido.
SA-10B,ability_to_win,ECO-02,content_community,owned_web,A capacidade de vencer no editorial depende de um ativo que ainda nao existe: o site publicado.,DOC-C02-039 registra status 'fundacao editorial definida; validacao e publicacao pendentes' e AGORA = 'Confirmar dominio e reservar @riscocognitivo'; DOC-C02-043 lista 11 proximos passos comecando por dominio e repositorio.,DOC-C02-039;DOC-C02-043,strong,0.9,fact,high,high,"Dominio, repositorio e CMS no ar sao pre-requisitos duros; qualquer plano editorial anterior a isso e planejamento sem canal."
SA-11A,where_to_play,ECO-02,content_community,owned_web,"A escolha declarada e ocupar um territorio editorial proprio, e nao a categoria blog de TDAH.","DOC-C02-043: 'Risco Cognitivo deixa de ser apenas um blog sobre TDAH e passa a ser um territorio editorial sobre funcoes executivas, neurodivergencia, trabalho, projetos, risco e execucao'; DOC-C01-005 reforca 'TDAH pode ser seu primeiro laboratorio'.",DOC-C02-043;DOC-C01-005,strong,0.9,fact,high,high,"Aplicar o teste em cada pauta: se ela so faz sentido para quem tem TDAH, ela pertence a Biblioteca EXECUTAR, nao ao Risco Cognitivo."
SA-11A,where_to_play_conflict,ECO-02,content_community,owned_web,"Ha duas arquiteturas editoriais concorrentes no acervo, com categorias diferentes.","Versao A (DOC-C02-043/DOC-C01-005): territorio 'Risco Cognitivo', mais amplo que TDAH. Versao B (DOC-C10-003): 'Arquitetura editorial unica - Categoria: TDAH adulto aplicado ao trabalho, a gestao e a execucao', com tres pilares e 4E.",DOC-C02-043;DOC-C01-005;DOC-C10-003;DOC-C05-001,strong,0.85,conflict,high,high,Decidir se sao duas publicacoes (Risco Cognitivo e Biblioteca EXECUTAR) ou uma; hoje o lancamento de 07/09 usa a Versao B e o pacote Risco Cognitivo usa a Versao A.
SA-11A,where_to_play,ECO-01,software,app,"A escolha de terreno do produto e execucao multiprojeto, explicitamente fora do terreno clinico.","POSITION-01: 'Posicionar o EXECUTAR como sistema de execucao para rotinas multiprojeto, nao como tratamento de TDAH'; nota: 'Neurocompativel por design pode ser explorado como linguagem de design, mas nao como claim clinico'.",DOC-C07-009,strong,0.9,fact,high,high,"Definir publicamente o que 'neurocompativel por design' significa em termos de design, senao o termo sera lido como claim clinico."
SA-11A,where_to_play,ECO-03,digital_product,,"O terreno do framework e a integracao especifica, nao o termo generico.","RC-030: 'Nao reivindicar criacao do termo - a contribuicao defensavel e a sintese/aplicacao especifica'; DOC-C02-016 (GUARDRAIL): 'a contribuicao defensavel e a integracao especifica com funcoes executivas, neurodivergencia e execucao de projetos'.",DOC-C02-016;DOC-C02-042;DOC-C02-030,strong,0.9,fact,high,medium,Escrever a frase de contribuicao em uma unica sentenca canonica e reutiliza-la sem variacao em todos os materiais.
SA-11A,where_to_play,ECO-07,professional_service,direct_sales,O terreno do servico e desenvolvimento de solucoes neuroadaptadas demonstradas por casos proprios.,"DOC-C05-001: 'Desenvolvimento de solucoes neuroadaptadas: automacoes, workflows, apps, rotinas, MCPs e agentes, sempre demonstrados por casos proprios como o Executar'.",DOC-C05-001;DOC-C09-006,strong,0.85,fact,medium,medium,Traduzir 'MCPs e agentes' para linguagem de resultado do cliente na pagina publica; o termo tecnico exclui o comprador descrito no formulario.
SA-11B,how_to_win,ECO-02,content_community,owned_web,A logica de vitoria editorial e sequencial: instalar a categoria antes de apresentar o produto.,"DOC-C02-042: 'construir primeiro a categoria intelectual Risco Cognitivo, depois validar o framework e somente entao apresentar o EXECUTAR como implementacao'; DOC-C02-043: 'O artigo nao termina vendendo EXECUTAR'.",DOC-C02-042;DOC-C02-043;DOC-C02-014,strong,0.9,fact,high,high,"Se essa sequencia for mantida, os CTAs comerciais (CTA-001/004/005/006) nao podem aparecer nas pecas do Risco Cognitivo."
SA-11B,how_to_win_conflict,ECO-01,software,owned_web,Ha conflito direto entre a sequencia editorial (produto por ultimo) e o GTM de 07/09 (produto e ofertas no dia um).,"DOC-C02-042/043: 'CTA inicial: ler, explorar, assinar e baixar... o EXECUTAR fica para uma campanha posterior'. DOC-C06-001/DOC-C08-011: lancamento em 07/09 com CTA-001 App, CTA-004 E-book, CTA-005 Curso, CTA-006 Studio, CTA-009 Office Kit e commerce em Hotmart configurado em D3.",DOC-C02-042;DOC-C02-043;DOC-C06-001;DOC-C08-011,strong,0.9,conflict,high,high,"Resolver explicitamente: ou sao dois lancamentos com marcas separadas (Risco Cognitivo editorial e EXECUTAR comercial), ou a sequencia de categoria foi abandonada e isso precisa ser registrado como decisao."
SA-11B,how_to_win,ECO-01,software,app,"A promessa competitiva do produto e reduzir o trabalho de operar a ferramenta, nao adicionar recursos.","DOC-C09-004: 'O aplicativo de produtividade feito para voce usar menos. O sistema sustenta a estrutura; o usuario executa'; DOC-C05-001 item 04: 'Zero configuracao, minima personalizacao, externalizacao cognitiva e reducao do tempo gasto administrando a ferramenta'.",DOC-C09-004;DOC-C05-001,strong,0.9,fact,high,high,Medir a promessa: tempo de setup ate o primeiro VALUE_EVENT-01 e a metrica que prova ou desmente 'zero configuracao'.
SA-11B,how_to_win,ECO-03,digital_product,,"A logica de vitoria do framework e validacao em estagios, com cada etapa condicionada a anterior.","DOC-C02-042: 'Risco Cognitivo = territorio/publicacao -> CERM = framework investigavel -> Mapa/Register = ferramenta aplicada -> EXECUTAR = implementacao -> dados/casos = evidencia -> white paper/livro/curso = expansao, mantendo cada estagio condicionado a validacao do anterior'.",DOC-C02-042;DOC-C02-031;DOC-C02-015,strong,0.9,fact,high,medium,Publicar a escada de maturidade como compromisso publico; ela protege contra a critica de que o framework e marketing de produto.
SA-11B,how_to_win,ECO-07,professional_service,direct_sales,"A logica de vitoria do servico e transformacao visivel: o cliente decide por evidencia, nao por termo tecnico.","DOC-C11-010: 'Cliente entra, ve o problema compreendido e testa um prototipo... escolhe: aprovar, mudar ou perguntar... O cliente acompanha a construcao pela transformacao visivel, nao por termos tecnicos'.",DOC-C11-010;DOC-C09-006,strong,0.85,fact,high,medium,Fazer do prototipo no dia 2 ou 3 um compromisso contratual; e o que diferencia a oferta de uma consultoria comum.
SA-12,requirements,ECO-01,software,app,Existem 15 decisoes de produto e seguranca derivadas de perguntas do framework de 694 itens.,"DOC-C07-009, all_decisions PROD-01 a PROD-15, cada uma com framework_question_id (FRM-0102 a FRM-0585), dominio e status 'DECISION_DERIVED_FROM_CANDIDATE_EVIDENCE'.",DOC-C07-009,strong,0.9,fact,high,medium,Converter PROD-01..15 diretamente em requisitos com criterio de aceite; a rastreabilidade ate a pergunta ja existe.
SA-12,requirement,ECO-01,software,app,Requisito nuclear: a interface deve expor uma unica proxima acao principal e esconder complexidade secundaria.,"PROD-09 (FRM-0461): 'A interface deve tornar explicita uma unica proxima acao principal e esconder complexidade secundaria ate ser necessaria', confianca MEDIA-ALTA; PROD-12: 'Nos primeiros segundos, mostrar estado atual, resultado necessario e proxima acao - nao o projeto inteiro'.",DOC-C07-009;DOC-C07-003,strong,0.85,fact,high,high,"Usar como criterio de aceite da tela inicial; violacoes desse requisito sao regressao, nao preferencia de design."
SA-12,requirement,ECO-01,software,app,Requisito de estado: o contexto e a posicao de execucao devem ser persistidos para que a retomada nao dependa de reconstrucao mental.,PROD-13 (FRM-0567): 'Persistir contexto e posicao de execucao para que retomadas nao dependam de reconstrucao mental do projeto'; GP-07 na matriz: 'O sistema deve ser memoria externa do estado operacional'.,DOC-C07-009;DOC-C07-003,strong,0.9,fact,high,high,Medir resume_latency como KPI de produto; e o endpoint que testa diretamente esse requisito.
SA-12,requirement_prohibition,ECO-01,software,app,"Requisito negativo: o produto deve bloquear usos como diagnostico, substituicao profissional ou inferencia clinica.","PROD-14 (FRM-0584): 'Bloquear usos do produto como diagnostico, substituicao profissional ou inferencia clinica a partir de desempenho em tarefas'; PROD-08 proibe 'triagem diagnostica baseada em um unico teste, score ou tarefa do app'.",DOC-C07-009,strong,0.9,fact,high,high,"Implementar como regra de produto verificavel (nenhuma tela produz score interpretavel como triagem), nao apenas como aviso legal."
SA-12,requirement_notifications,ECO-01,software,app,Requisito de interrupcao: notificar apenas por eventos criticos; informativas devem ser agrupadas ou adiadas.,"PROD-10 (FRM-0485): 'Interromper o usuario apenas por eventos criticos; notificacoes informativas devem ser agrupadas ou adiadas por padrao', confianca MEDIA-ALTA.",DOC-C07-009;DOC-C07-007,strong,0.8,fact,medium,medium,Definir o default como agrupado; a evidencia de custo de troca de contexto (QT-000175) sustenta a escolha mesmo sendo fonte fraca.
SA-12,mrd_artifact,ECO-01,software,,"Nao existe um MRD consolidado; os requisitos estao dispersos entre decisoes, matriz e visao de oferta.","As fontes de requisito sao DOC-C07-009 (22 decisoes), DOC-C07-003 (11 decisoes de design da matriz) e DOC-C05-001 (features e pilares), sem documento unico que os reuna com prioridade e criterio de aceite.",DOC-C07-009;DOC-C07-003;DOC-C05-001,none,0.8,gap,medium,medium,"Montar um MRD de uma pagina consolidando as 22 decisoes + 11 decisoes de design; o conteudo ja existe, falta o artefato."
SA-12,product_gap,ECO-01,software,app,Ha conflito entre a demonstracao planejada com QR e a decisao tecnica que substituiu QR por reconhecimento de forma.,DOC-C11-008 (Cena B): 'Usar QR/atalho para sair do objeto fisico e abrir o contexto correto'. DOC-C04-002: 'PR #75 substituiu QR impresso pelos 5 simbolos administrativos reconhecidos diretamente por forma na imagem da camera'.,DOC-C11-008;DOC-C04-002,strong,0.85,conflict,medium,high,Atualizar o roteiro da Demonstracao 03 antes da gravacao de 02/09; gravar QR mostraria funcionalidade que nao existe mais.
SA-13,launch_plan,ECO-01,software,owned_web,"O GTM tem capacidade declarada, folga explicita e data de congelamento.","DOC-C06-001: '12 dias de producao, 10 gates G0-G9, 60h comprometidas, 12h reserva' sobre '72h potenciais'; fases: producao 25/08-05/09, buffer 06/09, lancamento 07/09.",DOC-C06-001;DOC-C08-011;DOC-C18-002,strong,0.9,fact,high,high,Manter as 12h de reserva intocadas; consumi-las antes de 04/09 e o indicador antecipado de que o freeze vai falhar.
SA-13,launch_gates,ECO-01,software,owned_web,"A cadeia de valor do lancamento e sequencial em dez gates, do control plane ao launch.","DOC-C06-001: 'G0 Control Plane, G1 Destinos, G2 Commerce, G3 Editorial, G4 Derivados, G5 Showroom, G6 Distribuicao, G7 Tracking, G8 Freeze, G9 Launch'; regra: 'Nao: produzir tudo -> acumular -> tentar publicar tudo em 06/09'.",DOC-C06-001;DOC-C08-011,strong,0.9,fact,high,high,"Reportar progresso por gate, nao por percentual de tarefas; a ordem dos gates e a unica protecao contra acumulo."
SA-13,launch_criteria,ECO-01,software,owned_web,Existem dez criterios objetivos de congelamento em 05/09.,DOC-C08-007: paginas criticas abrem em celular e computador; chamadas chegam ao destino; formularios recebem; ofertas digitais cadastradas; afiliados identificados; pecas publicadas ou agendadas; demonstracoes acessiveis; redes agendadas; medicao basica funciona; nenhuma entrega critica aguardando producao.,DOC-C08-007;DOC-C16-003,strong,0.9,fact,high,high,"Rodar os dez criterios como checklist binario em 04/09, nao em 05/09; sobra um dia para corrigir o que falhar."
SA-13,channels,ECO-02,content_community,social,A estrategia de canais foi simplificada: blog como peca-mae e um canal principal de video com playlists.,"DOC-C05-001: 'Blog como peca-mae editorial, YouTube com videos majoritariamente verticais, reaproveitamento em Instagram e TikTok, e LinkedIn com abordagem mais tecnica'; QL-0038: 'A estrategia de cinco canais e substituida por um canal principal com playlists'.",DOC-C05-001;DOC-C07-007,strong,0.85,fact,high,medium,"Manter a simplificacao; com 60h comprometidas, cinco canais ativos e a forma mais rapida de estourar a capacidade."
SA-13,channel_hypothesis,ECO-02,content_community,owned_web,"A escolha do blog como canal inicial e uma hipotese declarada, nao um resultado medido.","QL-000057: 'A equipe decidiu priorizar um blog visual-first com newsletter como canal inicial, com a hipotese de que blogs gerariam mais leads qualificados do que redes sociais dispersas para este publico'.",DOC-C07-007,moderate,0.75,fact,medium,medium,Instrumentar origem do lead desde o D1 para que a hipotese possa ser confirmada ou derrubada na primeira campanha.
SA-13,campaign,ECO-02,content_community,owned_web,"A campanha inaugural do Risco Cognitivo tem escopo fechado: 14 dias, 18 ativos, CTA editorial.","DOC-C02-043: 'Nome: Antes do Projeto Existe o Risco Cognitivo. Duracao: 14 dias... Pacote: 1 artigo, 1 newsletter, 1 video principal, 3 videos curtos, 2 carrosseis, 6 posts curtos, 1 infografico, 1 checklist, 1 lead magnet e 1 landing page - 18 ativos principais'; cronograma D1-D14 detalhado em DOC-C02-039.",DOC-C02-043;DOC-C02-039;DOC-C02-014,strong,0.9,fact,high,high,Verificar se ha capacidade para a campanha de 14 dias imediatamente apos as 60h do GTM de 07/09; hoje os dois planos nao se conversam.
SA-13,content_spec,ECO-02,content_community,owned_web,Ha conflito sobre a extensao do artigo fundador entre dois documentos do mesmo pacote.,DOC-C01-004 (Execute): 'Escreva primeiro aproximadamente 2.500-3.500 palavras'. DOC-C02-043 e DOC-C02-042: 'Meta atual: 1.200-1.800 palavras e 14-18 paragrafos; a proposta anterior de cerca de 3.000 palavras foi descartada' e RC-040 registra a revisao.,DOC-C01-004;DOC-C02-043;DOC-C02-042;DOC-C02-014,strong,0.85,conflict,medium,high,Marcar DOC-C01-004 como versao superada nesse ponto especifico; sem isso o redator pode escrever o dobro do necessario.
SA-13,cta_registry,ECO-01,software,owned_web,O CTA Registry com dez destinos e requisito previo a producao de qualquer peca.,DOC-C06-001: 'CTA Registry - obrigatorio antes de produzir. Assim nenhuma peca termina com adicionar CTA depois'; DOC-C02-004 registra SAS-44/CTAREG-01 com DoD '10 CTAs com destino e oferta definidos e publicados no registry'.,DOC-C06-001;DOC-C02-004;DOC-C08-003,strong,0.9,fact,high,high,Auditar os 10 CTAs contra destinos reais; DOC-C10-008 mostra chamada e destino ainda como [PREENCHER] nas pecas.
SA-13,execution_gap,ECO-02,content_community,owned_web,"As pecas editoriais estao com chamada, destino e brinde por preencher, e a agenda mestra esta vazia.",DOC-C10-008: 'chamada principal: [PREENCHER] - destino: [PREENCHER] - brinde: [PREENCHER ou NAO SE APLICA]'; DOC-C14-007: todas as linhas da agenda mestra com Data 'preencher' e Estado 'planejar'.,DOC-C10-008;DOC-C14-007;DOC-C10-011,strong,0.9,fact,high,high,Preencher CTA e destino antes de escrever texto; a propria regra do GTM exige destino antes de producao (gate G1 antes de G3).
SA-13,gift_dependency,ECO-01,software,owned_web,"O brinde canonico ainda e uma decisao pendente, e ele e dependencia de tres pecas editoriais.","DOC-C10-029: 'Decisao pendente - Definir um unico brinde reutilizavel no lancamento'; DOC-C06-001: 'GIFT-001 e uma cadeia propria: asset -> capa -> landing -> formulario -> confirmacao -> entrega/download -> CTA -> tracking -> evidence. Se o artigo depende do GIFT-001, ele nao esta DONE enquanto essa cadeia nao funcionar'.",DOC-C10-029;DOC-C06-001;DOC-C10-011;DOC-C10-019;DOC-C10-027,strong,0.9,fact,high,high,Decidir o brinde unico imediatamente ou declarar as tres pecas como 'sem brinde'; e o bloqueio de maior alcance do lancamento.
SA-13,measurement,ECO-01,software,owned_web,"O plano de medicao de lancamento cobre a cadeia de conversao, mas nao define metas.","DOC-C16-003 verifica 'chamada -> destino; formulario -> recebimento; pagamento/cadastro -> confirmacao; download -> arquivo; afiliado -> ligacao identificada; principais eventos de acesso/conversao', sem numero-alvo em nenhum item.",DOC-C16-003;DOC-C14-007,moderate,0.8,fact,medium,medium,"Coerente com a regra de nao fixar meta sem baseline; registrar explicitamente que 07/09 e coleta de baseline, nao meta."
SA-13,attribution,ECO-01,software,affiliate,O programa de afiliados exige cadastro e IDs por canal que ainda nao foram executados.,DOC-C05-001: 'Pendencia operacional ja definida: AF-SETUP-001 - Cadastrar Amazon Associados + criar IDs de rastreamento + substituir links-base'; DOC-C08-003 lista 'Conteudo com afiliado' dependendo de 'cadastro de associado + ligacao identificada'.,DOC-C05-001;DOC-C08-003;DOC-C08-007,strong,0.9,fact,medium,high,"Executar AF-SETUP-001 antes de D4 (28/08), quando a primeira peca com referencia bibliografica fica pronta."
SA-13,launch_day,ECO-01,software,owned_web,O dia do lancamento tem escopo negativo explicito: nada de producao em 07/09.,"DOC-C06-001: 'E: Ativar, Conferir, Observar, Responder, Registrar. Nao e: Editar landing, Terminar video, Produzir post, Cadastrar produto. Se isso estiver acontecendo em 07/09, o Freeze falhou'; DOC-C15-021 marca horas_planejadas 0.",DOC-C06-001;DOC-C15-021,strong,0.9,fact,high,medium,Usar a lista negativa como criterio de retrospectiva do lancamento; ela ja define o que contara como falha.
SA-13,gtm,ECO-03,digital_product,,"Nao ha plano de go-to-market para o framework como produto intelectual, apenas uma escada de maturidade.","DOC-C02-031 (ordem estrategica) e DOC-C02-015 (pipeline de validacao) definem etapas de pesquisa, mas nenhum documento define publico academico-alvo, veiculo, evento ou cronograma de publicacao do white paper.",DOC-C02-031;DOC-C02-015;DOC-C02-016,none,0.8,gap,medium,medium,"Definir veiculo e prazo do white paper; sem data, a escada de maturidade fica indefinidamente na etapa 1."
SA-13,gtm,ECO-07,professional_service,direct_sales,"O GTM do servico se resume a uma pagina, um formulario e uma chamada CH-006 ainda nao funcional.",DOC-C12-006 e DOC-C12-007 tem situacao 'verificar' e chamada principal CH-006; DOC-C09-006 lista 'chamada CH-006 funcionando' como pendencia; DOC-C12-003 define o formulario mas com situacao 'configurar'.,DOC-C12-006;DOC-C12-007;DOC-C12-003;DOC-C09-006,strong,0.85,fact,high,high,"Um servico de R$700 com aquisicao 100% inbound por uma pagina precisa de prova social; sem casos, priorizar lista de interesse em vez de venda direta."
SA-08B,company,ECO-02,content_community,owned_web,"A arquitetura de marca separa a publicacao (ativo) do autor (assinatura), decisao explicita e datada.",DOC-C01-006: 'Risco Cognitivo -> e a marca editorial; riscocognitivo.org -> e a publicacao/site; @riscocognitivo -> sao os canais da publicacao'; 'Eu evitaria chamar a pagina de Leonardo Batista | Risco Cognitivo no inicio... Risco Cognitivo deve ser o ativo de marca'.,DOC-C01-006;DOC-C02-043,strong,0.9,fact,medium,medium,Reservar dominio e @handle antes de qualquer publicacao; DOC-C02-039 ja marca isso como o item AGORA da unidade.
SA-08C,competitor,ECO-01,software,app,"O acervo ja possui benchmark competitivo explicito por ferramenta e por eficacia, ainda que com forca de evidencia desigual.","Ferramentas: QT-000172 (Notion 30% dificil de configurar), QL-000053 (Trello sem estrutura nativa), QL-000054 (Todoist limitado para iniciar). Eficacia: QT-000177 (Inflow, estudo aberto), QT-000178/179 (videogame terapeutico aprovado, STARS-ADHD-Adult).",DOC-C07-007;DOC-C07-009,moderate,0.75,fact,high,medium,Consolidar num quadro unico de 5 concorrentes com eixo 'estrutura x iniciacao x retomada'; o insumo ja existe e nunca foi tabulado.
SA-08A,customer,ECO-02,content_community,owned_web,"O leitor-alvo do editorial e definido pelo reconhecimento do problema, nao pelo interesse em produtividade.",DOC-C01-005 troca a pergunta editorial de 'Como ser mais produtivo sendo neurodivergente?' por 'O que pode dar errado entre aquilo que voce pretende fazer e aquilo que efetivamente consegue realizar - e como reduzir esse risco?'.,DOC-C01-005;DOC-C03-002;DOC-C02-043,strong,0.85,fact,high,medium,"Usar a segunda pergunta como teste de titulo: se o titulo respondesse a primeira pergunta, ele pertence a outra publicacao."
SA-09A,strength,ECO-03,digital_product,,Forca: a matriz Gestao de Projetos x TDAH separa nivel de evidencia (B/C) de inferencia de produto (E) linha a linha.,"DOC-C07-002 traz legenda explicita: 'B/C evidencia cientifica/clinica - C sustentacao clinica/publicada - E inferencia ou decisao de produto', e cada uma das 11 linhas carrega sua classificacao e sua fonte (NIMH, PubMed, Springer).",DOC-C07-002;DOC-C07-003;DOC-C07-004,strong,0.9,fact,high,medium,Publicar a matriz como peca de autoridade: ela demonstra o metodo epistemico melhor do que qualquer texto sobre o metodo.
SA-09D,threat,ECO-03,digital_product,,Ameaca: a duplicidade documental do acervo pode reintroduzir versoes superadas em material publico.,DOC-C03-002 (fonte original 'text 3.txt') e DOC-C01-005 contem o mesmo texto; DOC-C02-042/043 preservam decisoes superadas por politica declarada ('preservacao das decisoes superadas para manter proveniencia').,DOC-C03-002;DOC-C01-005;DOC-C02-043,moderate,0.75,inference,medium,medium,"Marcar no proprio arquivo quais versoes estao superadas (extensao do artigo, meta de inscritos, alocacao de AdSense); a proveniencia so protege se a superacao estiver visivel."
