documento_id,classificacao_id,sha256,caminho_em_disco,tamanho_bytes
DOC-C07-001,C07,0660399c86e28e4cbf5c614890e1aa2e83a78d4ef6e65dc20842d38a5444e1c9,DADOS E EVIDENCIAS /EXECUTAR_Editorial_Quality_Assurance_Fluent.html,30031
DOC-C07-002,C07,351a25806207ca6cc1ae5b6aaea7868f5c464949de3faa14517fd9c9656dd92c,DADOS E EVIDENCIAS /MATRIZ_GESTAO_PROJETOS_X_TDAH_ONE_PAGE_PAISAGEM.html,11607
DOC-C07-003,C07,673b29d38db687f118967269b4e302b2a8ef1c0405dafa6e91bbf2a946b2bb9c,DADOS E EVIDENCIAS /MATRIZ_GESTAO_TDAH_PACOTE/MATRIZ_GESTAO_PROJETOS_X_TDAH_EXTRAIDA.csv,9477
DOC-C07-004,C07,23da316fefcce43baf9aaf78e89fde56d8d672a4439fe25676fc5101d7551ee9,DADOS E EVIDENCIAS /MATRIZ_GESTAO_TDAH_PACOTE/MATRIZ_GESTAO_PROJETOS_X_TDAH_ONE_PAGE.xlsx,14084
DOC-C07-005,C07,ddcad0fab15742a2c220ff149c248fd5fc8c749e02dc64cddf2c0cf86b67f086,DADOS E EVIDENCIAS /MATRIZ_GESTAO_TDAH_PACOTE/SCHEMA_MATRIZ_GESTAO_TDAH_V1.csv,435
DOC-C07-006,C07,f67a8618855fdd6f3a7f98c91d73008f2f3a7d9ac5a6b474db201e7131b21a67,DADOS E EVIDENCIAS /MATRIZ_GESTAO_TDAH_PACOTE/SCHEMA_MATRIZ_GESTAO_TDAH_V1.yaml,884
DOC-C07-007,C07,b1aedb13dff7e58689ecd98e87b9f476396fc4b30f9c77cfd16fc62d616be33c,DADOS E EVIDENCIAS /base_evidencias_tdah_adulto_WAREHOUSE.json,327715
DOC-C07-008,C07,0e89b7c6214df403741da758b1cf6a01b2b23464def6fbecc191d5f3322f72f2,DADOS E EVIDENCIAS /dashboard_sintese_tdah_694_V2.html,500451
DOC-C07-009,C07,c03c2fb217ddd13714a59dfa828ac26018429e68376c1d4d9b0f438c2f2005ee,DADOS E EVIDENCIAS /dashboard_sintese_tdah_694_V3_FINAL_LIGHT__REC-001102.html,545278
DOC-C07-010,C07,28b0c00a8242eb0a07db9607e85f37297a4e55e880f71683cc3a1e29a078df89,DADOS E EVIDENCIAS /✅ ADM-26-21-08.docx,937692
DOC-C04-001,C04,5f4d6034211858d37fad1c3c5bb2a96651ae6972b42ed103ffe16c27e8842730,OPERACOES /Cronograma.md,7627
DOC-C05-001,C05,c49f7bcea3eac6c322b584d1bbae0ab018ae50404f0dbc2b418b25033d0dd253,OPERACOES /Ecossistema .html,347005
DOC-C06-001,C06,da9e2bd6328d9eef7db23bfa27086380148780e179644302bcd2ae908a1c9fa7,OPERACOES /gtm-launch-report.html,30330
DOC-C04-002,C04,b1c6244ec5ec7c54c45efb9d9c89c17a36c2e0488d4a834a635997684a595c2a,OPERACOES /handoffexecutar.txt,17356
DOC-C04-003,C04,11e8a5bfd57534c9ae720d45fd170203ebf39475faa525d5f1adf6cc69631bc7,OPERACOES /plano-semana-a4 2.html,16347
DOC-C04-004,C04,11e8a5bfd57534c9ae720d45fd170203ebf39475faa525d5f1adf6cc69631bc7,OPERACOES /plano-semana-a4 2.html,16347
DOC-C04-005,C04,b4849d7e5ac35dcbbba984de56dd466dc31a5655e7790e1fa7a858459a9f2dd9,OPERACOES /plano-semana-a4.html,23163
DOC-C18-001,C18,6daabe245e5a98184a0b82e24b0cbeda7b39c7a7e351f5bd4f14b7d5c96f3612,PLANO EDITORIAL-PRODUTOS-SERVICOS/.obsidian/snippets/executar-editorial.css,2793
DOC-C18-002,C18,c74b5e487a7f8fb0c0487d4e0f93dc6e06e869ac93f15a572eec404d8cae77f7,PLANO EDITORIAL-PRODUTOS-SERVICOS/00-ABRA-AQUI.md,1005
DOC-C08-001,C08,793544c37734110a810b39506b19d6c83a2e8b9afccba37bd46b9a3600988838,PLANO EDITORIAL-PRODUTOS-SERVICOS/00-CENTRAL/00-MERGULHE-AQUI.md,826
DOC-C08-002,C08,1e119273222a17ed39b6c3b37369d0a3ed42a509ee663aa76d8a3220b42a99d7,PLANO EDITORIAL-PRODUTOS-SERVICOS/00-CENTRAL/00-PAINEL-GERAL.md,1002
DOC-C08-003,C08,61f553bb24e48265dd4ddc9208973033ca3b6bd1eb5ea43a8f6f154097b8713c,PLANO EDITORIAL-PRODUTOS-SERVICOS/00-CENTRAL/01-MAPA-DE-DEPENDENCIAS.md,1052
DOC-C08-004,C08,088bdf2e44d83dccff946de4b0cf297028f8261c1c7f8b6b6c62f4864503eff9,PLANO EDITORIAL-PRODUTOS-SERVICOS/00-CENTRAL/02-REGISTRO-DE-CHAMADAS.md,1051
DOC-C08-005,C08,b700906677a4a38abb70d1811b6c5d5b0f62cae15d5bd51268812b135b480edd,PLANO EDITORIAL-PRODUTOS-SERVICOS/00-CENTRAL/03-REGISTRO-DE-MATERIAIS.md,825
DOC-C08-006,C08,c0a1a923340a8026e2403940ae3d9be2660b9a3963f7bca67e5ed0845e25ccd9,PLANO EDITORIAL-PRODUTOS-SERVICOS/00-CENTRAL/04-REGISTRO-DE-ROTAS.md,729
DOC-C08-007,C08,21a6199b2c01b79a9c8aa4b6b373149fb2527427efecadd3ee915a1948f99c18,PLANO EDITORIAL-PRODUTOS-SERVICOS/00-CENTRAL/05-CRITERIOS-DE-LANCAMENTO.md,674
DOC-C08-008,C08,dec523b178b59a63b828994a3b6c1846e89147ccabb05fa2d42058aa42b01d95,PLANO EDITORIAL-PRODUTOS-SERVICOS/00-CENTRAL/06-SOMATORIO-DE-CAPACIDADE.md,602
DOC-C08-009,C08,f7c312bb7c8fd1f958b618dc739b6cd7abcf7db59793612a35c83bfd8c28a87a,PLANO EDITORIAL-PRODUTOS-SERVICOS/00-CENTRAL/07-INVENTARIO-DO-PACOTE.md,411
DOC-C08-010,C08,35404916f8297361c5653afeee38e900d16bc06536802b4acc72db91e84c137e,PLANO EDITORIAL-PRODUTOS-SERVICOS/00-CENTRAL/08-RELATORIO-DE-LIGACOES.md,182
DOC-C08-011,C08,345f9f37cfe8d7634768b0ddf9f03de373d2d8354ed2d1d70cff59d612671e1f,PLANO EDITORIAL-PRODUTOS-SERVICOS/00-CENTRAL/09-FILA-UNICA-DO-LANCAMENTO.md,1641
DOC-C09-001,C09,7806395e207f1a98c68da8fb62949955dcecf39e85ef5968326cbc21d8087df7,PLANO EDITORIAL-PRODUTOS-SERVICOS/01-OFERTAS/00-MERGULHE-AQUI.md,708
DOC-C09-002,C09,21913a56c15d497c77e6f32b0cbec08c35b1220ae8a0a52e410741ff5ce99ac6,PLANO EDITORIAL-PRODUTOS-SERVICOS/01-OFERTAS/00-MERGULHE-OFERTAS.md,127
DOC-C09-003,C09,e32bd50cf988a659d31b961ad5e6d94da7d82353bc6968c08cfed4ed2ae39fca,PLANO EDITORIAL-PRODUTOS-SERVICOS/01-OFERTAS/01-APLICATIVO/00-MERGULHE-AQUI.md,425
DOC-C09-004,C09,cd2b6592e4c7001ccc5bc789b6c423fecca8be5878915037b96151c8ba639cdb,PLANO EDITORIAL-PRODUTOS-SERVICOS/01-OFERTAS/01-APLICATIVO/01-APLICATIVO-VISAO.md,487
DOC-C09-005,C09,9ffd7542828b92d07d2fd87b4750628d4b56f9eee3a47abad2da6fcf077d70ee,PLANO EDITORIAL-PRODUTOS-SERVICOS/01-OFERTAS/02-SERVICOS/00-MERGULHE-AQUI.md,415
DOC-C09-006,C09,c2d9f381489aa59d4597302d6de4d6a040965b701f905da27729bf50e162356d,PLANO EDITORIAL-PRODUTOS-SERVICOS/01-OFERTAS/02-SERVICOS/02-SERVICOS-VISAO.md,554
DOC-C09-007,C09,dff43088000431eb5357652e34cba99d21a553dfb98e1321178c1a5dc2683842,PLANO EDITORIAL-PRODUTOS-SERVICOS/01-OFERTAS/03-PRODUTOS-FISICOS/00-MERGULHE-AQUI.md,439
DOC-C09-008,C09,819ac22416fb0ff89625ba23fd642b8667174ce3d6b851f4584a22705addd5fa,PLANO EDITORIAL-PRODUTOS-SERVICOS/01-OFERTAS/03-PRODUTOS-FISICOS/03-PRODUTOS-VISAO.md,679
DOC-C09-009,C09,88e03cefee016de1a105d0106a0ff59ff15fd6e0ed32e05fae7e66b29ec80bee,PLANO EDITORIAL-PRODUTOS-SERVICOS/01-OFERTAS/04-INFOPRODUTOS/00-MERGULHE-AQUI.md,665
DOC-C09-010,C09,0c3e8aea1e176188d29cdcba9aec1a52c7d4cb750e645951975bf7e683ceee18,PLANO EDITORIAL-PRODUTOS-SERVICOS/01-OFERTAS/04-INFOPRODUTOS/01-LIVROS-DIGITAIS/00-MERGULHE-AQUI.md,484
DOC-C09-011,C09,eb44b7fe23b67a01821cb6acf6e574aefb85c7e9cee69c39b265141d66b00800,PLANO EDITORIAL-PRODUTOS-SERVICOS/01-OFERTAS/04-INFOPRODUTOS/01-LIVROS-DIGITAIS/04-LIVROS-DIGITAIS-VISAO.md,519
DOC-C09-012,C09,27d46740a06f9f8022a537a59feb8412bd75c0dff913d34bdd696f50af29c6fc,PLANO EDITORIAL-PRODUTOS-SERVICOS/01-OFERTAS/04-INFOPRODUTOS/02-CURSO/00-MERGULHE-AQUI.md,434
DOC-C09-013,C09,07bc92cc2a6679613b3b209727ca22aeabf63cef0854e9e2a8a608d1ca6400f6,PLANO EDITORIAL-PRODUTOS-SERVICOS/01-OFERTAS/04-INFOPRODUTOS/02-CURSO/04-CURSO-VISAO.md,425
DOC-C09-014,C09,ac994765e68367975acd1f7d92047fe7c65e3f105e2223e03f7e24ac360a068c,PLANO EDITORIAL-PRODUTOS-SERVICOS/01-OFERTAS/04-INFOPRODUTOS/03-HOTMART/00-MERGULHE-AQUI.md,450
DOC-C09-015,C09,f6e83ae7cb358d5e68d61f7baab27f598b5a41c2acde2b47a6b9f06cfc94d146,PLANO EDITORIAL-PRODUTOS-SERVICOS/01-OFERTAS/04-INFOPRODUTOS/03-HOTMART/04-HOTMART-CADASTRO.md,377
DOC-C09-016,C09,61822f0155470b6cc91922a27725bdf9b0409d0cfc5beef605d95de7df363a9e,PLANO EDITORIAL-PRODUTOS-SERVICOS/01-OFERTAS/04-INFOPRODUTOS/04-INFOPRODUTOS-VISAO.md,482
DOC-C09-017,C09,b82504617cc818f5e68665695061f0cf5923887aaaeb84c10cd369291850fe1c,PLANO EDITORIAL-PRODUTOS-SERVICOS/01-OFERTAS/05-AFILIADOS/00-MERGULHE-AQUI.md,420
DOC-C09-018,C09,db7c1bef9c4d29d4a2f72b0194de5c628d41040659b9f1f6ff31048289934369,PLANO EDITORIAL-PRODUTOS-SERVICOS/01-OFERTAS/05-AFILIADOS/05-AFILIADOS-VISAO.md,471
DOC-C10-001,C10,32c4a89b6d744f17ff9b8e72f25035efd2d04613504d47219f0e8c08e6c11538,PLANO EDITORIAL-PRODUTOS-SERVICOS/02-EDITORIAL/00-MERGULHE-AQUI.md,792
DOC-C10-002,C10,f50642bb8f3baa49ae25e6c64d49e9248857561cf32aafda383dc04b055d4964,PLANO EDITORIAL-PRODUTOS-SERVICOS/02-EDITORIAL/00-MERGULHE-EDITORIAL.md,129
DOC-C10-003,C10,d4ecc849fe896189b221233a08f009576dbe10c1388ad145cc2b4f7513dba6c3,PLANO EDITORIAL-PRODUTOS-SERVICOS/02-EDITORIAL/01-ARQUITETURA-EDITORIAL.md,688
DOC-C10-004,C10,97c24b0568326b3bebf8458890751f53eba86b5b595f846cc87b12a8bbc2fcfa,PLANO EDITORIAL-PRODUTOS-SERVICOS/02-EDITORIAL/01-PECA-001/00-MERGULHE-AQUI.md,938
DOC-C10-005,C10,4c2a47784049575c7e356fb4af1a4d51e9d73bc37df30dc3fc7e4f24c32f4470,PLANO EDITORIAL-PRODUTOS-SERVICOS/02-EDITORIAL/01-PECA-001/01-CONTEUDO-E-ROTEIRO.md,380
DOC-C10-006,C10,6c1e07dc2e5c4d093d0f845e22e426ba5367fdc8f22eb5062ad934ae5a805f70,PLANO EDITORIAL-PRODUTOS-SERVICOS/02-EDITORIAL/01-PECA-001/02-IMAGENS-E-DIAGRAMAS.md,390
DOC-C10-007,C10,3e1b1467695a46b765d58ad281d20472ca23596abe4ab04dd91cb9e877d314ae,PLANO EDITORIAL-PRODUTOS-SERVICOS/02-EDITORIAL/01-PECA-001/03-VIDEO.md,335
DOC-C10-008,C10,1299fddbf6a2512ccb678f6fe71ec554cb84da83717c9e3b78dd26edef449cb5,PLANO EDITORIAL-PRODUTOS-SERVICOS/02-EDITORIAL/01-PECA-001/04-CHAMADA-E-BRINDE.md,418
DOC-C10-009,C10,507a80b0ea1dc626f4f9596a371967ff79ee9a63cf6f16438bb6bab3b3db75f7,PLANO EDITORIAL-PRODUTOS-SERVICOS/02-EDITORIAL/01-PECA-001/05-PUBLICACAO-E-AGENDA.md,328
DOC-C10-010,C10,f05c37f13e1c43615608706b9d0ec8bfcc2b6ae594a85a337da7081d98f1828f,PLANO EDITORIAL-PRODUTOS-SERVICOS/02-EDITORIAL/01-PECA-001/06-EVIDENCIA-DE-CONCLUSAO.md,408
DOC-C10-011,C10,ba8c7a1671840f9ecf68272e116a439a3c5ddd73e9d76da70f292909feba9ad1,PLANO EDITORIAL-PRODUTOS-SERVICOS/02-EDITORIAL/01-PECA-001/PECA-001-TDAH-GESTAO.md,1243
DOC-C10-012,C10,11825f68fd3cb527b83e3e142f14eab1c96b728168e5ddddf840c0420ccc739f,PLANO EDITORIAL-PRODUTOS-SERVICOS/02-EDITORIAL/02-PECA-002/00-MERGULHE-AQUI.md,937
DOC-C10-013,C10,f39e0d81a3d23b98529b28ce551f28a7ccad2e9135117e784f26c65e2f161bb8,PLANO EDITORIAL-PRODUTOS-SERVICOS/02-EDITORIAL/02-PECA-002/01-CONTEUDO-E-ROTEIRO.md,379
DOC-C10-014,C10,67529905ec8fa00d5d7914af5cb0d26977eb83a73334ca7c69997a2d10017737,PLANO EDITORIAL-PRODUTOS-SERVICOS/02-EDITORIAL/02-PECA-002/02-IMAGENS-E-DIAGRAMAS.md,379
DOC-C10-015,C10,22aa1cdf2efd0a375225b298d01fd201ad5be2c8bb4c1879fd0725b07aeb3d39,PLANO EDITORIAL-PRODUTOS-SERVICOS/02-EDITORIAL/02-PECA-002/03-VIDEO.md,324
DOC-C10-016,C10,ac04ef59c640cfeb570a2d367c2b2444905f268f456668b9a7fdbf5aa6a8dffa,PLANO EDITORIAL-PRODUTOS-SERVICOS/02-EDITORIAL/02-PECA-002/04-CHAMADA-E-BRINDE.md,407
DOC-C10-017,C10,ea7c751de27cc42eedc0e98ffbf440c52c16cdf5498867bc152daa63ce59168f,PLANO EDITORIAL-PRODUTOS-SERVICOS/02-EDITORIAL/02-PECA-002/05-PUBLICACAO-E-AGENDA.md,317
DOC-C10-018,C10,12395308e58fa588be25d751e64a2cad30ae9591eb49b49a7ad35ab76d6a4a7a,PLANO EDITORIAL-PRODUTOS-SERVICOS/02-EDITORIAL/02-PECA-002/06-EVIDENCIA-DE-CONCLUSAO.md,397
DOC-C10-019,C10,2b9ca0b1c3212def92229643f3e1ee1d35a3fa85180a6297b0909c9295b52943,PLANO EDITORIAL-PRODUTOS-SERVICOS/02-EDITORIAL/02-PECA-002/PECA-002-TDAH-GESTAO-DE-RISCOS.md,1221
DOC-C10-020,C10,3fc75de1089e0d068b742f5148c75f00abf502905a859e4d4744906a2ce37469,PLANO EDITORIAL-PRODUTOS-SERVICOS/02-EDITORIAL/03-PECA-003/00-MERGULHE-AQUI.md,930
DOC-C10-021,C10,acaab08530f86d78fdad8f4ddfd8f7f343641ad9dff321b84dc017864466b524,PLANO EDITORIAL-PRODUTOS-SERVICOS/02-EDITORIAL/03-PECA-003/01-CONTEUDO-E-ROTEIRO.md,372
DOC-C10-022,C10,6ca8d3dd891f674aef2f6d576b82d9c809a6e6c94f214ef503f0d973ae6562e9,PLANO EDITORIAL-PRODUTOS-SERVICOS/02-EDITORIAL/03-PECA-003/02-IMAGENS-E-DIAGRAMAS.md,375
DOC-C10-023,C10,a9132ec3cfc66c9527d2433e86bacdfc7b8e226ecb9e84e7476b6b8096df168e,PLANO EDITORIAL-PRODUTOS-SERVICOS/02-EDITORIAL/03-PECA-003/03-VIDEO.md,320
DOC-C10-024,C10,c0e21d412a1ce91a6a0d3bfc315c220538fb33bec0198de3061a13023538bf7b,PLANO EDITORIAL-PRODUTOS-SERVICOS/02-EDITORIAL/03-PECA-003/04-CHAMADA-E-BRINDE.md,403
DOC-C10-025,C10,889c860d9a8218f55cd4ed4bf569aa3b2abf29447adddc47aefcedc3111abb69,PLANO EDITORIAL-PRODUTOS-SERVICOS/02-EDITORIAL/03-PECA-003/05-PUBLICACAO-E-AGENDA.md,313
DOC-C10-026,C10,be7737eb79ce1034b5fd0747cd84ede40c0f6941c8fa8e50f16a06b7abf5c7b0,PLANO EDITORIAL-PRODUTOS-SERVICOS/02-EDITORIAL/03-PECA-003/06-EVIDENCIA-DE-CONCLUSAO.md,393
DOC-C10-027,C10,0f2cf0e311d2e7ac25f78eac829587dbef7fa02aa0579a1e4f50ef1e47ea38a5,PLANO EDITORIAL-PRODUTOS-SERVICOS/02-EDITORIAL/03-PECA-003/PECA-003-FUNCOES-EXECUTIVAS.md,1257
DOC-C10-028,C10,02ca0535d790ff23a5f7a6bd2cbf8f624a65500180fc9678d13980aaed05cb44,PLANO EDITORIAL-PRODUTOS-SERVICOS/02-EDITORIAL/04-BRINDE-CANONICO/00-MERGULHE-AQUI.md,465
DOC-C10-029,C10,e322d46a7dec1328efc171e19b0ecf9002aeb050061637fbcbe03a53147b6c6a,PLANO EDITORIAL-PRODUTOS-SERVICOS/02-EDITORIAL/04-BRINDE-CANONICO/BRINDE-001-MATERIAL-CANONICO.md,646
DOC-C10-030,C10,806a1e527d970ff6e6656ff9c34563bcd9001a9c4a4b1c2d764587f57209c4d4,PLANO EDITORIAL-PRODUTOS-SERVICOS/02-EDITORIAL/05-BANCO-DE-IDEIAS/00-MERGULHE-AQUI.md,439
DOC-C10-031,C10,5c21be6f262cd6a771872ecd45310d038d0cb18d8b03f37d3c4d493635f5188a,PLANO EDITORIAL-PRODUTOS-SERVICOS/02-EDITORIAL/05-BANCO-DE-IDEIAS/BANCO-DE-IDEIAS.md,327
DOC-C11-001,C11,00ddbe01bd6a3bb871314b60408bae201561eba0f67ec703d7c2e027c01e0171,PLANO EDITORIAL-PRODUTOS-SERVICOS/03-DEMONSTRACOES/00-MERGULHE-AQUI.md,681
DOC-C11-002,C11,20286fd5da5381e7d41fc4c9f87c8f791450605527c4db78aee4ac5d8be6acd3,PLANO EDITORIAL-PRODUTOS-SERVICOS/03-DEMONSTRACOES/00-MERGULHE-DEMONSTRACOES.md,133
DOC-C11-003,C11,26326875237fad5abf8f365c1615a4739771e882195406dd831d7bbc789fd957,PLANO EDITORIAL-PRODUTOS-SERVICOS/03-DEMONSTRACOES/01-APLICATIVO/00-MERGULHE-AQUI.md,451
DOC-C11-004,C11,6ebde703038677848dbe5fc824c4255d4c719ac594b49e7a42a8e5929b00919e,PLANO EDITORIAL-PRODUTOS-SERVICOS/03-DEMONSTRACOES/01-APLICATIVO/01-DEMONSTRACAO-APLICATIVO.md,398
DOC-C11-005,C11,775c1b8491f63921aba76edd2fd7c68ce85036dee5c3872fe95d57e77d35fecc,PLANO EDITORIAL-PRODUTOS-SERVICOS/03-DEMONSTRACOES/02-AGENTE-007/00-MERGULHE-AQUI.md,435
DOC-C11-006,C11,62de028fbd9ed284adc70151471006b7518f79d2ff4e0a3061854c4647e3747b,PLANO EDITORIAL-PRODUTOS-SERVICOS/03-DEMONSTRACOES/02-AGENTE-007/02-DEMO-AGENTE-007.md,357
DOC-C11-007,C11,594d8ec50e9e25c2ad7573f5d8b3e3f3d150b1c985270da4be72305715019735,PLANO EDITORIAL-PRODUTOS-SERVICOS/03-DEMONSTRACOES/03-MAPA-OS/00-MERGULHE-AQUI.md,420
DOC-C11-008,C11,f65a202ec2c0ea159d8b81bf42244db675101df146dbd591bd885785293e87c0,PLANO EDITORIAL-PRODUTOS-SERVICOS/03-DEMONSTRACOES/03-MAPA-OS/03-DEMO-MAPA-OS.md,330
DOC-C11-009,C11,1a2b40f902c917e114313d7055742da7a90ff93e53ec879de108936173ff3739,PLANO EDITORIAL-PRODUTOS-SERVICOS/03-DEMONSTRACOES/04-ESTUDIO/00-MERGULHE-AQUI.md,436
DOC-C11-010,C11,3dd9eeb9411861b6b9f8856daf52284550a73295ae053bc16621f78453d5cf0d,PLANO EDITORIAL-PRODUTOS-SERVICOS/03-DEMONSTRACOES/04-ESTUDIO/04-DEMONSTRACAO-ESTUDIO.md,386
DOC-C12-001,C12,6ee5d45610b2030b4d261580ac06e3539fb78aa95d051fc1e0f22694d688d233,PLANO EDITORIAL-PRODUTOS-SERVICOS/04-PAGINAS-E-FORMULARIOS/00-MERGULHE-AQUI.md,883
DOC-C12-002,C12,502e0eccfe3236313b0f452893e416d156f100497c876b7b83e314f5eb733770,PLANO EDITORIAL-PRODUTOS-SERVICOS/04-PAGINAS-E-FORMULARIOS/00-MERGULHE-PAGINAS.md,141
DOC-C12-003,C12,38b1da36e2c379d2e70580e4076f43ae04a186668d8b85ae52a4f45fd482d640,PLANO EDITORIAL-PRODUTOS-SERVICOS/04-PAGINAS-E-FORMULARIOS/FORM-001-ESTUDIO.md,466
DOC-C12-004,C12,7e1c03648894012428a3dd370a5cdeba4827230bea0fde5ad23a28d8d6b6d0ca,PLANO EDITORIAL-PRODUTOS-SERVICOS/04-PAGINAS-E-FORMULARIOS/FORM-002-CAPTACAO.md,302
DOC-C12-005,C12,0c0996a9ca1463859b4bcf905721abff8e7dc6d18d9d7ffd7d6588abaf4489f6,PLANO EDITORIAL-PRODUTOS-SERVICOS/04-PAGINAS-E-FORMULARIOS/PAG-001-INICIAL.md,320
DOC-C12-006,C12,3a235c93e42e843e7f8ca2516ae9db3659ad9afbdcbb5ae43385e5e23d795699,PLANO EDITORIAL-PRODUTOS-SERVICOS/04-PAGINAS-E-FORMULARIOS/PAG-002-SERVICOS.md,281
DOC-C12-007,C12,de464ab9768330efaec5f609c46a8d4c0d799a911c5c04cdcd7c5bb0e52b7326,PLANO EDITORIAL-PRODUTOS-SERVICOS/04-PAGINAS-E-FORMULARIOS/PAG-003-ESTUDIO.md,288
DOC-C12-008,C12,9ddb906d28cdf312204d67f5ff671008d09675d60ae235b5ed7c1d124227a186,PLANO EDITORIAL-PRODUTOS-SERVICOS/04-PAGINAS-E-FORMULARIOS/PAG-004-LOJA.md,281
DOC-C12-009,C12,d566cc6294010360edd14f52c266e1b9cb7504d02f5d48867785cccb74f83140,PLANO EDITORIAL-PRODUTOS-SERVICOS/04-PAGINAS-E-FORMULARIOS/PAG-005-BIBLIOTECA.md,291
DOC-C13-001,C13,29537f53aef8b6b7de1b6cc0464ba42f5ea714387607f24a9f40871a11050e20,PLANO EDITORIAL-PRODUTOS-SERVICOS/05-MATERIAIS/00-MERGULHE-AQUI.md,750
DOC-C13-002,C13,85f1d2e698c5e3fe5f66a8d347f6197522da9280d6eb60d3fc7b88490787254a,PLANO EDITORIAL-PRODUTOS-SERVICOS/05-MATERIAIS/00-MERGULHE-MATERIAIS.md,129
DOC-C13-003,C13,3e647c4d8eca9ab5edcf55c4286c38abd90831eea96050457a4d20c75840f01d,PLANO EDITORIAL-PRODUTOS-SERVICOS/05-MATERIAIS/01-REFERENCIAS-VISUAIS/00-MERGULHE-AQUI.md,459
DOC-C13-004,C13,f8c7f91830ef12375eac13939d7e3b868cef7777c42e302c3100c117fede4301,PLANO EDITORIAL-PRODUTOS-SERVICOS/05-MATERIAIS/01-REFERENCIAS-VISUAIS/REFERENCIAS-VISUAIS.md,596
DOC-C13-005,C13,dcb458f8ef1f8312b86385ec0755a8a45d7772967e2c76f410c3c7d5d8aa6851,PLANO EDITORIAL-PRODUTOS-SERVICOS/05-MATERIAIS/01-REFERENCIAS-VISUAIS/referencia-biblioteca-livros-digitais.jpeg,312226
DOC-C13-006,C13,cb87d980e5ffafcd7c32692f23f63ccecc5ec008ca229c0b8dec2026df260519,PLANO EDITORIAL-PRODUTOS-SERVICOS/05-MATERIAIS/01-REFERENCIAS-VISUAIS/referencia-livro-digital-aplicando-tdah.jpeg,295293
DOC-C13-007,C13,5e4f97e3c95e9d6f5de6c75158de15091e612883f266f0ac87de16e605350d74,PLANO EDITORIAL-PRODUTOS-SERVICOS/05-MATERIAIS/01-REFERENCIAS-VISUAIS/referencia-livro-digital-gerenciando-tdah.jpeg,374792
DOC-C13-008,C13,6a637e7cbfc90dad00a56b36c27b805c99748a5f964ca76c6a6803d0656cc9f8,PLANO EDITORIAL-PRODUTOS-SERVICOS/05-MATERIAIS/01-REFERENCIAS-VISUAIS/referencia-office-kit.jpeg,335972
DOC-C13-009,C13,9d8aad1055c1ce71e419c7308dcbf99bf22f8fedcb3731bd59aea96f6f93d5d1,PLANO EDITORIAL-PRODUTOS-SERVICOS/05-MATERIAIS/01-REFERENCIAS-VISUAIS/referencia-organizacao-fisica.jpeg,292219
DOC-C13-010,C13,1a061b1a0d2d6488bab249d43d03edde042fbbde1199ca7729cfb738a3d74668,PLANO EDITORIAL-PRODUTOS-SERVICOS/05-MATERIAIS/01-REFERENCIAS-VISUAIS/referencia-timer-45.jpeg,276362
DOC-C13-011,C13,763cf8112bb1a4baef50e8f75605f9753b523b9592cd891d21bc525bc118583a,PLANO EDITORIAL-PRODUTOS-SERVICOS/05-MATERIAIS/02-IMAGENS/00-MERGULHE-AQUI.md,319
DOC-C13-012,C13,d1150ab0f911b0031e7c761b2883ac251547166d18c1c58d63d6495b9e37b629,PLANO EDITORIAL-PRODUTOS-SERVICOS/05-MATERIAIS/03-VIDEOS/00-MERGULHE-AQUI.md,332
DOC-C13-013,C13,f5974c24c0934c47e766538e8ad80b63df4e51dc26375c0904d5622b2656086b,PLANO EDITORIAL-PRODUTOS-SERVICOS/05-MATERIAIS/04-ARQUIVOS-PARA-BAIXAR/00-MERGULHE-AQUI.md,399
DOC-C14-001,C14,39639c58c95b6d06e2240138f01c4d72f90e2107e4d3dacd747d8605a2b7662b,PLANO EDITORIAL-PRODUTOS-SERVICOS/06-PUBLICACAO-E-AGENDA/00-MERGULHE-AQUI.md,765
DOC-C14-002,C14,5b793f637b3a371b00d324ce5408f135b95086b2a6e194ed46be4558d6ef357c,PLANO EDITORIAL-PRODUTOS-SERVICOS/06-PUBLICACAO-E-AGENDA/00-MERGULHE-PUBLICACAO.md,139
DOC-C14-003,C14,cc73ed465ff472fc5f685cad0a401c41abaed19a1b76dee06fe97ae5d27297ae,PLANO EDITORIAL-PRODUTOS-SERVICOS/06-PUBLICACAO-E-AGENDA/PUB-001-BLOG.md,211
DOC-C14-004,C14,04827ae65cee60c76d1a9f3061cc77039b195e5e7aa14aad121b5a0d1da4513c,PLANO EDITORIAL-PRODUTOS-SERVICOS/06-PUBLICACAO-E-AGENDA/PUB-002-YOUTUBE.md,209
DOC-C14-005,C14,76af69c8769033db197bc29dc64c5f9ac6faa018838cd36a40dd203784065443,PLANO EDITORIAL-PRODUTOS-SERVICOS/06-PUBLICACAO-E-AGENDA/PUB-003-INSTAGRAM-TIKTOK.md,220
DOC-C14-006,C14,94dec7535c1f09ca96e3a2fab02dc29e3350781d23e7c535c4c53f53fbbd84bc,PLANO EDITORIAL-PRODUTOS-SERVICOS/06-PUBLICACAO-E-AGENDA/PUB-004-LINKEDIN.md,233
DOC-C14-007,C14,d170bcdfbefceee0312fd65c89bf201988ea41a74f6fac0715473543b9bbb5db,PLANO EDITORIAL-PRODUTOS-SERVICOS/06-PUBLICACAO-E-AGENDA/PUB-005-AGENDA-MESTRA.md,559
DOC-C15-001,C15,29dca52eb7b4d1f136c4bd2574245591a5aac5980e11fbbb0657bab2f5d3d24f,PLANO EDITORIAL-PRODUTOS-SERVICOS/07-CALENDARIO/00-MERGULHE-AQUI.md,624
DOC-C15-002,C15,6d1d0165dd5452de252e1cee93c3e4631a2ceb39a284d7c7098a3cc10810a4a9,PLANO EDITORIAL-PRODUTOS-SERVICOS/07-CALENDARIO/00-MERGULHE-CALENDARIO.md,130
DOC-C15-003,C15,9ab30f90575d3d1cf711dfa15813c3620dfed2506642e42bc01643f0ae573db1,PLANO EDITORIAL-PRODUTOS-SERVICOS/07-CALENDARIO/01-SEMANA-25-31/00-MERGULHE-AQUI.md,1044
DOC-C15-004,C15,fc0216769018b727c587dc50a11344800f20f92dc18b32b0465ebebb40548fd9,PLANO EDITORIAL-PRODUTOS-SERVICOS/07-CALENDARIO/01-SEMANA-25-31/D01-25-08-CENTRAL-DE-LANCAMENTO.md,2348
DOC-C15-005,C15,fc1b35134454a8e263e92f766e612929c8101e9541e53638aaae9198afbbef4d,PLANO EDITORIAL-PRODUTOS-SERVICOS/07-CALENDARIO/01-SEMANA-25-31/D02-26-08-ROTAS-E-CHAMADAS.md,2359
DOC-C15-006,C15,cc7f6e1f32fdd25f6faf7a33cf87085f83db9721a912d3d82dfe41130506f3e1,PLANO EDITORIAL-PRODUTOS-SERVICOS/07-CALENDARIO/01-SEMANA-25-31/D03-27-08-OFERTAS-E-CADASTROS.md,2365
DOC-C15-007,C15,7400fc1e3b011bc18399aac49364e81f416de327420521068652fc87e541c5a2,PLANO EDITORIAL-PRODUTOS-SERVICOS/07-CALENDARIO/01-SEMANA-25-31/D04-28-08-PECA-001.md,2438
DOC-C15-008,C15,6e563ae51a0c9024ea8597356204d2ce24b467928b60e4859c794b2b0c3e0801,PLANO EDITORIAL-PRODUTOS-SERVICOS/07-CALENDARIO/01-SEMANA-25-31/D05-29-08-PECA-002.md,2378
DOC-C15-009,C15,eb9a409f7f279587694f90c689331c526fe754ff4dddcce3daa25b1b137a11cf,PLANO EDITORIAL-PRODUTOS-SERVICOS/07-CALENDARIO/01-SEMANA-25-31/D06-30-08-PECA-003.md,2290
DOC-C15-010,C15,6e317c4a91258c64086f5c49b5834097af1c5586c4fffc9bb56c1d6a8fc0149e,PLANO EDITORIAL-PRODUTOS-SERVICOS/07-CALENDARIO/01-SEMANA-25-31/D07-31-08-DEMONSTRACAO-APLICATIVO.md,2366
DOC-C15-011,C15,91b75399c0c12c298076a1ff911bd8cb132c91fc9e1fee4546445f7255ccb865,PLANO EDITORIAL-PRODUTOS-SERVICOS/07-CALENDARIO/01-SEMANA-25-31/SEMANA-01-25-31.md,457
DOC-C15-012,C15,6aa4d9b0e9c6d99b201c6620deb136eae71fdf3e77e718395953dab9b21d6059,PLANO EDITORIAL-PRODUTOS-SERVICOS/07-CALENDARIO/02-SEMANA-01-05/00-MERGULHE-AQUI.md,902
DOC-C15-013,C15,a5a9d7e4b57ea3bf912cad39b846206a106fe5293dc9163e46e12fdbd271a90a,PLANO EDITORIAL-PRODUTOS-SERVICOS/07-CALENDARIO/02-SEMANA-01-05/D08-01-09-DEMONSTRACAO-AGENTE-007.md,2330
DOC-C15-014,C15,91bc4d0d54dd09673854497201d998a0613694b24ad2e4321d5237519d9b9176,PLANO EDITORIAL-PRODUTOS-SERVICOS/07-CALENDARIO/02-SEMANA-01-05/D09-02-09-MAPA-OS-E-ESTUDIO.md,2452
DOC-C15-015,C15,87d963bc38094f19682a21ddcb3c024badf4df692c8d817ae710c8d72e88ddcf,PLANO EDITORIAL-PRODUTOS-SERVICOS/07-CALENDARIO/02-SEMANA-01-05/D10-03-09-PUBLICACAO-E-AGENDA.md,2299
DOC-C15-016,C15,fa291a0a180b0bce550387dfbfc303d18a34da12710614d2512a1a72e4941ccb,PLANO EDITORIAL-PRODUTOS-SERVICOS/07-CALENDARIO/02-SEMANA-01-05/D11-04-09-TESTE-PONTA-A-PONTA.md,2337
DOC-C15-017,C15,b74b178ab4599a73c2de7c5d6bf2991ce9ffd9b156c8f40f5b16bcaebd911517,PLANO EDITORIAL-PRODUTOS-SERVICOS/07-CALENDARIO/02-SEMANA-01-05/D12-05-09-CONGELAMENTO.md,2268
DOC-C15-018,C15,a0062f7f6f52542b6be98e03bcb7c0273e17cf44e35bbf9aaf5f73c966c97e54,PLANO EDITORIAL-PRODUTOS-SERVICOS/07-CALENDARIO/02-SEMANA-01-05/SEMANA-02-01-05.md,378
DOC-C15-019,C15,a346e2e92aa63712763de5296ae802c39fdf81a1227ff696c32b1a2335af6060,PLANO EDITORIAL-PRODUTOS-SERVICOS/07-CALENDARIO/03-FECHAMENTO-06-07/00-MERGULHE-AQUI.md,642
DOC-C15-020,C15,2ce7dd7e5063d68cf13db6188bacab90b07522eaec8d515d99a296c5270a2130,PLANO EDITORIAL-PRODUTOS-SERVICOS/07-CALENDARIO/03-FECHAMENTO-06-07/D13-06-09-CONFERENCIA-ADMINISTRATIVA.md,2121
DOC-C15-021,C15,61205522e26c78536103900421bf21433ab516ade10fb0f7bdaf62c492e70960,PLANO EDITORIAL-PRODUTOS-SERVICOS/07-CALENDARIO/03-FECHAMENTO-06-07/D14-07-09-LANCAMENTO.md,2097
DOC-C15-022,C15,d78789e9c0fe1b8fde2cc148d6ca8b71b648f566d0ddd06f638d6fdb2caf6a86,PLANO EDITORIAL-PRODUTOS-SERVICOS/07-CALENDARIO/03-FECHAMENTO-06-07/FECHAMENTO-06-07.md,270
DOC-C16-001,C16,7594e7cdc59112a94fe57080857df5a9b069ad1c96a0490d534513d126eac76a,PLANO EDITORIAL-PRODUTOS-SERVICOS/08-MEDICAO-E-EVIDENCIAS/00-MERGULHE-AQUI.md,779
DOC-C16-002,C16,8e86e26347807cc69164f7400cda05eb4e79c3ba2f53a192a7a7e37908006ca9,PLANO EDITORIAL-PRODUTOS-SERVICOS/08-MEDICAO-E-EVIDENCIAS/00-MERGULHE-MEDICAO.md,140
DOC-C16-003,C16,07787aa97bb78e32ac6f4468b36afd3c8a634612b39b10dd3af74757b330bc88,PLANO EDITORIAL-PRODUTOS-SERVICOS/08-MEDICAO-E-EVIDENCIAS/MED-001-LIGACOES-E-FORMULARIOS.md,306
DOC-C16-004,C16,86772bc0f713a15f80c9037556f5018d007aaca4f93c648c3e88b9e91e90db02,PLANO EDITORIAL-PRODUTOS-SERVICOS/08-MEDICAO-E-EVIDENCIAS/MED-002-EVIDENCIAS-DE-CONCLUSAO.md,495
DOC-C16-005,C16,5983bce869b859e0063001b8ba9a65030bb5e41c8600d9bb7d8f66e557be4417,PLANO EDITORIAL-PRODUTOS-SERVICOS/08-MEDICAO-E-EVIDENCIAS/MED-003-CONFERENCIA-05-09.md,330
DOC-C16-006,C16,6e05cf1bfb02511ac2d27b533b0ce1c5305cfd98258e040b6edc5b683fd17991,PLANO EDITORIAL-PRODUTOS-SERVICOS/08-MEDICAO-E-EVIDENCIAS/MED-004-LANCAMENTO-07-09.md,405
DOC-C17-001,C17,7d4b59b548cb20d65c257d37b90118e69423b532610e7c1b3716ab166edec202,PLANO EDITORIAL-PRODUTOS-SERVICOS/09-MODELOS/00-MERGULHE-AQUI.md,534
DOC-C17-002,C17,46b5968dd5bfa50f5abc074f483988d33c65e38562728bf4d50b56c839e5237e,PLANO EDITORIAL-PRODUTOS-SERVICOS/09-MODELOS/MODELO-CHAMADA.md,208
DOC-C17-003,C17,cd0e692c46a0db389032e0d7e05576637301bea6fd0050870893a87cb548af50,PLANO EDITORIAL-PRODUTOS-SERVICOS/09-MODELOS/MODELO-DIA.md,344
DOC-C17-004,C17,1ca38e68df1f13a1ceaf2c6beb7c2ddeca1aea41e803b476f038831fc19811d2,PLANO EDITORIAL-PRODUTOS-SERVICOS/09-MODELOS/MODELO-MATERIAL.md,238
DOC-C17-005,C17,6e62cb8242ef22328ba0436db5affcf6863fcf9ecec61d12aee209caa9c8f1a6,PLANO EDITORIAL-PRODUTOS-SERVICOS/09-MODELOS/MODELO-PECA-EDITORIAL.md,508
DOC-C18-003,C18,f84ef20ffd91746b2817fd57dadae6328bdc27fdbe5a0e9fbb82b3db7c031939,PLANO EDITORIAL-PRODUTOS-SERVICOS/ARVORE-DE-PASTAS.txt,917
DOC-C18-004,C18,7dd412aa548e99e1603c2e0495bfd34d915a16cd48b2f88459034c28bce0b51e,PLANO EDITORIAL-PRODUTOS-SERVICOS/COMO-USAR.md,1343
DOC-C18-005,C18,96f381f87fe2a1037f7b0fa139db83cb96caa19be09b497a2700e5dd7b8bbe34,PLANO EDITORIAL-PRODUTOS-SERVICOS/executar_status_report_obsidian_terminal.html,9909
DOC-C03-001,C03,328ef03f81327686662b3148f023c40c740d3f9acc417257bec8e552c86d3128,RISCO-CONITIVO/Risco_Cognitivo_Hub_Editorial_v1.3/90_FONTES_ORIGINAIS/text 2.txt,1160
DOC-C03-002,C03,f6f6ae5add8ab3196e72c6184b97d1aebc53e7c7ba832342dedd9f77847781fb,RISCO-CONITIVO/Risco_Cognitivo_Hub_Editorial_v1.3/90_FONTES_ORIGINAIS/text 3.txt,34869
DOC-C03-003,C03,116070f693772d0bcd56c460d98a6c47f78e42f0ba14723445792900cb8cd63b,RISCO-CONITIVO/Risco_Cognitivo_Hub_Editorial_v1.3/90_FONTES_ORIGINAIS/text 4.txt,11397
DOC-C03-004,C03,9b633e9c41350b2d649f788b1c2761807867205d965850eece9a2d0e20e08c30,RISCO-CONITIVO/Risco_Cognitivo_Hub_Editorial_v1.3/90_FONTES_ORIGINAIS/text.txt,10158
DOC-C02-001,C02,2ae81f6bec5fac8b9997ad003147b58ab33b8f9e481545ae667642b0a9fb9456,RISCO-CONITIVO/RISCO-COGNITIVO  Fundacap /RISCO_COGNITIVO_MASTER_CONTROL.txt,7474
DOC-C02-002,C02,5a4188f163e402aa8f88247805e540cf071131c4952208e8df6cdd17da6251cd,RISCO-CONITIVO/RISCO-COGNITIVO  Fundacap /RISCO_COGNITIVO_MASTER_INDEX.csv,25495
DOC-C02-003,C02,805651675d7a389b317fb46f02c6d2b388e258544ae4cf8417f03def08d65ec1,RISCO-CONITIVO/RISCO-COGNITIVO  Fundacap /RISCO_COGNITIVO_MASTER_INDEX.xlsx,22436
DOC-C02-004,C02,1345a5507c9cba88ecf8351d97d507b8c03f6f0a23cc232a085aa8dcbaa51938,RISCO-CONITIVO/RISCO-COGNITIVO  Fundacap /Riscognitivo/EXECUTAR_ENTREGAVEIS_GATES_POR_AREA.csv,14950
DOC-C02-005,C02,5a4188f163e402aa8f88247805e540cf071131c4952208e8df6cdd17da6251cd,RISCO-CONITIVO/RISCO-COGNITIVO  Fundacap /RISCO_COGNITIVO_MASTER_INDEX.csv,25495
DOC-C02-006,C02,805651675d7a389b317fb46f02c6d2b388e258544ae4cf8417f03def08d65ec1,RISCO-CONITIVO/RISCO-COGNITIVO  Fundacap /RISCO_COGNITIVO_MASTER_INDEX.xlsx,22436
DOC-C02-007,C02,7148f868152ed7e72f6801a767a92acc8b6ac3087352fc5de37c951c998f0176,RISCO-CONITIVO/RISCO-COGNITIVO  Fundacap /Riscognitivo/RISCO_COGNITIVO_OS_PARA/00_CONTROL/RC-000_AI_README.txt,1290
DOC-C02-008,C02,5a4188f163e402aa8f88247805e540cf071131c4952208e8df6cdd17da6251cd,RISCO-CONITIVO/RISCO-COGNITIVO  Fundacap /RISCO_COGNITIVO_MASTER_INDEX.csv,25495
DOC-C02-009,C02,2ae81f6bec5fac8b9997ad003147b58ab33b8f9e481545ae667642b0a9fb9456,RISCO-CONITIVO/RISCO-COGNITIVO  Fundacap /RISCO_COGNITIVO_MASTER_CONTROL.txt,7474
DOC-C02-010,C02,0dd00806eed4bbfb101d9c3becdd7f4984458cee8fc4a681bd2eb41a9552921f,RISCO-CONITIVO/RISCO-COGNITIVO  Fundacap /Riscognitivo/RISCO_COGNITIVO_OS_PARA/00_CONTROL/RC-002_CONTEXT_ROUTER.txt,1480
DOC-C02-011,C02,f9b6716ec3ad02e68dccee2dd98beee7a8f8ee89a89c1ba14fd83aa43c059c1b,RISCO-CONITIVO/RISCO-COGNITIVO  Fundacap /Riscognitivo/RISCO_COGNITIVO_OS_PARA/00_CONTROL/RC-003_DIRECTORY_MANIFEST.txt,1285
DOC-C02-012,C02,99ed0b984096b22993469cac3d367cfe2902884dd90ea01389e7c1e436beda45,RISCO-CONITIVO/RISCO-COGNITIVO  Fundacap /Riscognitivo/RISCO_COGNITIVO_OS_PARA/01_PROJECTS/P01_LANCAMENTO_BLOG/RC-P01-ART01_MAPA_ARGUMENTATIVO.txt,942
DOC-C02-013,C02,d76b2b0d6dff9d3990fa6bba4c6ddec6591957944100f6a609ed4e90a7d71c0b,RISCO-CONITIVO/RISCO-COGNITIVO  Fundacap /Riscognitivo/RISCO_COGNITIVO_OS_PARA/01_PROJECTS/P01_LANCAMENTO_BLOG/RC-P01-CAM01_CRONOGRAMA_14D.txt,760
DOC-C02-014,C02,5d477181107e177208fc73d0bdf3bec07877b9d06412fe0adbab803545982c65,RISCO-CONITIVO/RISCO-COGNITIVO  Fundacap /Riscognitivo/RISCO_COGNITIVO_OS_PARA/01_PROJECTS/P01_LANCAMENTO_BLOG/RC-P01_PROJECT_BRIEF.txt,2635
DOC-C02-015,C02,38f18771e7490d79913b090df4beade883ed8d1f9986e157cda63d3ba356e6ce,RISCO-CONITIVO/RISCO-COGNITIVO  Fundacap /Riscognitivo/RISCO_COGNITIVO_OS_PARA/01_PROJECTS/P02_FRAMEWORK_CERM/RC-P02-VAL01_VALIDACAO.txt,687
DOC-C02-016,C02,c02413e286e9332bffdf481938dab4fd8a92305e5047478fa44182f310cc3939,RISCO-CONITIVO/RISCO-COGNITIVO  Fundacap /Riscognitivo/RISCO_COGNITIVO_OS_PARA/01_PROJECTS/P02_FRAMEWORK_CERM/RC-P02_FRAMEWORK_V0_1.txt,3103
DOC-C02-017,C02,a9d6e4108a6b6a085c19c3ea2a002a7518964bf8aee20953e88529868acb72c2,RISCO-CONITIVO/RISCO-COGNITIVO  Fundacap /Riscognitivo/RISCO_COGNITIVO_OS_PARA/01_PROJECTS/P03_SITE_CMS/RC-P03_SITE_CMS_BRIEF.txt,2192
DOC-C02-018,C02,aaf059df7bd36061a294fec4ccc91102b18ffda9eb141ae387ab080b49dcb887,RISCO-CONITIVO/RISCO-COGNITIVO  Fundacap /Riscognitivo/RISCO_COGNITIVO_OS_PARA/02_AREAS/A01_GOVERNANCA_EDITORIAL/RC-A01_POLITICA_EDITORIAL.txt,929
DOC-C02-019,C02,744d656fe6bd8b0928d538f256888c72838e9d679f73ef89d37c77b9eae8a98d,RISCO-CONITIVO/RISCO-COGNITIVO  Fundacap /Riscognitivo/RISCO_COGNITIVO_OS_PARA/02_AREAS/A02_MARCA_DESIGN/RC-A02_BRAND_SYSTEM.txt,1012
DOC-C02-020,C02,ebd7e109fec776d4a593bad2f01410d9f09bfc46e4ba760a9b15dbf0197bba93,RISCO-CONITIVO/RISCO-COGNITIVO  Fundacap /Riscognitivo/RISCO_COGNITIVO_OS_PARA/02_AREAS/A03_OPERACAO_PUBLICACAO/RC-A03_PIPELINE_EDITORIAL.txt,686
DOC-C02-021,C02,3300f8903921e64dffa968cbf1d712d0386bd7685eb907c40e6ef3b2cf7ea877,RISCO-CONITIVO/RISCO-COGNITIVO  Fundacap /Riscognitivo/RISCO_COGNITIVO_OS_PARA/03_RESOURCES/R01_TDAH_FUNCOES_EXECUTIVAS/RC-R01_EVIDENCIAS_TDAH.txt,3215
DOC-C02-022,C02,d2808db7f8bb1e7c1cbdc5fd4e30bca8201bf26f841fbfca2a803990da971967,RISCO-CONITIVO/RISCO-COGNITIVO  Fundacap /Riscognitivo/RISCO_COGNITIVO_OS_PARA/03_RESOURCES/R02_RISCO_GESTAO_PROJETOS/RC-R02_EVIDENCIAS_RISCO_PM.txt,2704
DOC-C02-023,C02,3faf92ed0e31309e6d98ebdba1c455fe9b7aaa0d1d4b9f6d53db8c8eb79392fe,RISCO-CONITIVO/RISCO-COGNITIVO  Fundacap /Riscognitivo/RISCO_COGNITIVO_OS_PARA/03_RESOURCES/R03_TECNOLOGIA_E_PUBLICACAO/RC-R03_REFERENCIAS_TECH.txt,1231
DOC-C02-024,C02,8f28a7f1fdc19d922e329b3a8d8cb06ae7a1a411d1f448ab9d1a4de0a7d50d9d,RISCO-CONITIVO/RISCO-COGNITIVO  Fundacap /Riscognitivo/RISCO_COGNITIVO_OS_PARA/04_ARCHIVES/AR01_DECISOES_SUPERADAS/RC-AR01_SUPERADOS.txt,1457
DOC-C02-025,C02,f13db71fb6031ed7725e4f69dd743310b6efea46bf25e9715f0d51955b843e78,RISCO-CONITIVO/RISCO-COGNITIVO  Fundacap /Riscognitivo/RISCO_COGNITIVO_OS_PARA/04_ARCHIVES/AR02_EXPERIMENTOS_VISUAIS/RC-AR02_VISUAL_HISTORY.txt,724
DOC-C02-026,C02,2ae81f6bec5fac8b9997ad003147b58ab33b8f9e481545ae667642b0a9fb9456,RISCO-CONITIVO/RISCO-COGNITIVO  Fundacap /RISCO_COGNITIVO_MASTER_CONTROL.txt,7474
DOC-C02-027,C02,5a4188f163e402aa8f88247805e540cf071131c4952208e8df6cdd17da6251cd,RISCO-CONITIVO/RISCO-COGNITIVO  Fundacap /RISCO_COGNITIVO_MASTER_INDEX.csv,25495
DOC-C02-028,C02,1ac0fa72374858b0d4d71cd429c6f1bd23ab57155a8d39bb115a126a4a9794d2,RISCO-CONITIVO/RISCO-COGNITIVO  Fundacap /Riscognitivo/RISCO_COGNITIVO_RESEARCH_BRAND_PACK/00_INDEX/RISCO_COGNITIVO_OS_PARA.zip,29280
DOC-C02-029,C02,776a8648aa16a5b123ae8159d1624457c17f8d2583f187d3a4851119f580316b,RISCO-CONITIVO/RISCO-COGNITIVO  Fundacap /Riscognitivo/RISCO_COGNITIVO_RESEARCH_BRAND_PACK/01_RESEARCH/RISCO_COGNITIVO_CONTACTS.csv,4308
DOC-C02-030,C02,4131c747320ac4768c7e49f7889719b526fd5b4f43ab35a1c35695cca011f2cf,RISCO-CONITIVO/RISCO-COGNITIVO  Fundacap /Riscognitivo/RISCO_COGNITIVO_RESEARCH_BRAND_PACK/01_RESEARCH/RISCO_COGNITIVO_CORRELATED_TERMS.csv,8476
DOC-C02-031,C02,9265000e16f6ff17b6ffa5737594726aca60fb8b03ec27468e00ed9b3f14cf7a,RISCO-CONITIVO/RISCO-COGNITIVO  Fundacap /Riscognitivo/RISCO_COGNITIVO_RESEARCH_BRAND_PACK/01_RESEARCH/RISCO_COGNITIVO_RESEARCH_MAP.txt,2560
DOC-C02-032,C02,1cdb33d85b4aef1da36a7b600e94a0213da805042d0a60e5817a1e2598e1c32d,RISCO-CONITIVO/RISCO-COGNITIVO  Fundacap /Riscognitivo/RISCO_COGNITIVO_RESEARCH_BRAND_PACK/01_RESEARCH/RISCO_COGNITIVO_RESEARCH_SOURCES.csv,32870
DOC-C02-033,C02,f3efe8c4e359181116dc7173432fbf559aa45910c1eb1d45001106e3a7008174,RISCO-CONITIVO/RISCO-COGNITIVO  Fundacap /Riscognitivo/RISCO_COGNITIVO_RESEARCH_BRAND_PACK/02_BRAND/BRAND_GUIDE_SOURCE_OF_TRUTH.png,1356914
DOC-C02-034,C02,074b4155c064d13722fb14903d509f0cb9537030dbd68bda2457d495648094ac,RISCO-CONITIVO/RISCO-COGNITIVO  Fundacap /Riscognitivo/RISCO_COGNITIVO_RESEARCH_BRAND_PACK/02_BRAND/BRAND_SYSTEM.txt,1641
DOC-C02-035,C02,5b5447aa96d6cb57a65d92ef395f7aaa95bc69b9d021bea72979c07d45989082,RISCO-CONITIVO/RISCO-COGNITIVO  Fundacap /Riscognitivo/RISCO_COGNITIVO_RESEARCH_BRAND_PACK/02_BRAND/DESIGN_TOKENS.css,838
DOC-C02-036,C02,239919423b90fb7a0a6bb5531ae449ba1ba64765509d0e4bbc13ff47155ffa45,RISCO-CONITIVO/RISCO-COGNITIVO  Fundacap /Riscognitivo/RISCO_COGNITIVO_RESEARCH_BRAND_PACK/02_BRAND/DESIGN_TOKENS.json,1960
DOC-C02-037,C02,99164548f28776363ee0bf83a61d8c27ef4730811895b43c8ad598566e2b277e,RISCO-CONITIVO/RISCO-COGNITIVO  Fundacap /Riscognitivo/RISCO_COGNITIVO_RESEARCH_BRAND_PACK/02_BRAND/HOMEPAGE_REFERENCE_SOURCE_OF_TRUTH.png,1344982
DOC-C02-038,C02,04c68c2fd15eed2c1b03dc4e729e1500fdc407416f47ff109023f8fa894a3a8f,RISCO-CONITIVO/RISCO-COGNITIVO  Fundacap /Riscognitivo/RISCO_COGNITIVO_RESEARCH_BRAND_PACK/README.txt,980
DOC-C02-039,C02,e95554bde9790143ccf28364b9cc91661c01144380783c2549dd52be90fc743c,RISCO-CONITIVO/RISCO-COGNITIVO  Fundacap /Riscognitivo/risco-cognitivo-bmc-gantt.html,19439
DOC-C02-040,C02,28059ca7b11f80fb24cc010a0954c1c09174eccd322f51d4f797b4c7f7aa73f8,RISCO-CONITIVO/RISCO-COGNITIVO  Fundacap /Riscognitivo/risco-cognitivo-painel-operacional-a4.html,14106
DOC-C02-041,C02,350823d6d74e35db6ba1c66b1b6fa5485b7a33e1ec9e48a84fea0624b801bcf4,RISCO-CONITIVO/RISCO-COGNITIVO  Fundacap /Riscognitivo/risco-cognitivo-status-report.html,10069
DOC-C02-042,C02,240f5500e8a4372ae803e799f064728bb5e80d2154e07214cc2e069279e5df32,RISCO-CONITIVO/RISCO-COGNITIVO  Fundacap /Riscognitivo/texto 2.txt,5280
DOC-C02-043,C02,2344c0f06fc56962c292bf6643ab14267519009adb4121370c5b7f720230a76d,RISCO-CONITIVO/RISCO-COGNITIVO  Fundacap /Riscognitivo/texto.txt,6741
DOC-C01-001,C01,6daabe245e5a98184a0b82e24b0cbeda7b39c7a7e351f5bd4f14b7d5c96f3612,PLANO EDITORIAL-PRODUTOS-SERVICOS/.obsidian/snippets/executar-editorial.css,2793
DOC-C01-002,C01,3b3d8fe4f8589778cdab8bfc818858fa48beb28f38982bea266640da5a290dbc,RISCO-CONITIVO/Risco_Cognitivo_Hub_Editorial_v1.3/00 - PAINEL - Risco Cognitivo.md,5110
DOC-C01-003,C01,a0bfccde77d3a10ff420e3084fae53e0015358d3ad7eb06e49f95322379296b3,"RISCO-CONITIVO/Risco_Cognitivo_Hub_Editorial_v1.3/01_DOCUMENTOS/01 - TDAH, Funções Executivas e Risco Cognitivo.md",13692
DOC-C01-004,C01,2839090886402d61ecd2e4e36af0b0784d6c7007608c5f433bdf58c9e9adf83f,RISCO-CONITIVO/Risco_Cognitivo_Hub_Editorial_v1.3/01_DOCUMENTOS/02 - Estratégia Editorial e Artigo Fundador.md,12178
DOC-C01-005,C01,50209f47aeed6f91f58cbf624f2e0f863a39a943225929764f95f10d50711b7d,RISCO-CONITIVO/Risco_Cognitivo_Hub_Editorial_v1.3/01_DOCUMENTOS/03 - Framework de Risco Cognitivo e Prior Art.md,38832
DOC-C01-006,C01,1598e12ccbb5b2884a24222193f02a0e25830ef555c78433c671f8d700491fbd,RISCO-CONITIVO/Risco_Cognitivo_Hub_Editorial_v1.3/01_DOCUMENTOS/04 - Marca Editorial Risco Cognitivo.md,1916
DOC-C01-007,C01,cb3f5aee409a9427953eaf8e29abb2dab5b34c593cb419fe7240d6e3bea80759,RISCO-CONITIVO/Risco_Cognitivo_Hub_Editorial_v1.3/90_FONTES_ORIGINAIS/INTEGRIDADE_EDITORIAL.md,597
DOC-C01-008,C01,8868c8db4d9511247ddb5a1e477ef8c19d6d8d35999b0374572d3510b470d768,RISCO-CONITIVO/Risco_Cognitivo_Hub_Editorial_v1.3/90_FONTES_ORIGINAIS/SHA256SUMS.txt,306
DOC-C01-009,C01,328ef03f81327686662b3148f023c40c740d3f9acc417257bec8e552c86d3128,RISCO-CONITIVO/Risco_Cognitivo_Hub_Editorial_v1.3/90_FONTES_ORIGINAIS/text 2.txt,1160
DOC-C01-010,C01,f6f6ae5add8ab3196e72c6184b97d1aebc53e7c7ba832342dedd9f77847781fb,RISCO-CONITIVO/Risco_Cognitivo_Hub_Editorial_v1.3/90_FONTES_ORIGINAIS/text 3.txt,34869
DOC-C01-011,C01,116070f693772d0bcd56c460d98a6c47f78e42f0ba14723445792900cb8cd63b,RISCO-CONITIVO/Risco_Cognitivo_Hub_Editorial_v1.3/90_FONTES_ORIGINAIS/text 4.txt,11397
DOC-C01-012,C01,9b633e9c41350b2d649f788b1c2761807867205d965850eece9a2d0e20e08c30,RISCO-CONITIVO/Risco_Cognitivo_Hub_Editorial_v1.3/90_FONTES_ORIGINAIS/text.txt,10158
DOC-C01-013,C01,a1b981f30b82287179ab41eac9c5d72448965dc8e4dc49276177f97447a5bdbc,RISCO-CONITIVO/Risco_Cognitivo_Hub_Editorial_v1.3/README.md,2073
